-- phpMyAdmin SQL Dump
-- version 5.1.1
-- https://www.phpmyadmin.net/
--
-- 主機： 127.0.0.1
-- 產生時間： 2023-01-18 04:43:43
-- 伺服器版本： 10.4.22-MariaDB
-- PHP 版本： 8.1.2

SET SQL_MODE = "NO_AUTO_VALUE_ON_ZERO";
START TRANSACTION;
SET time_zone = "+00:00";


/*!40101 SET @OLD_CHARACTER_SET_CLIENT=@@CHARACTER_SET_CLIENT */;
/*!40101 SET @OLD_CHARACTER_SET_RESULTS=@@CHARACTER_SET_RESULTS */;
/*!40101 SET @OLD_COLLATION_CONNECTION=@@COLLATION_CONNECTION */;
/*!40101 SET NAMES utf8mb4 */;

--
-- 資料庫: `third`
--

-- --------------------------------------------------------

--
-- 資料表結構 `articles`
--

CREATE TABLE `articles` (
  `id` bigint(20) UNSIGNED NOT NULL,
  `cgy_id` bigint(20) UNSIGNED NOT NULL,
  `title` varchar(40) COLLATE utf8mb4_unicode_ci NOT NULL,
  `author_id` bigint(20) UNSIGNED NOT NULL,
  `content_small` varchar(80) COLLATE utf8mb4_unicode_ci DEFAULT NULL,
  `content` text COLLATE utf8mb4_unicode_ci NOT NULL,
  `attachment_names` varchar(200) COLLATE utf8mb4_unicode_ci DEFAULT NULL,
  `attachment_paths` varchar(500) COLLATE utf8mb4_unicode_ci DEFAULT NULL,
  `sort` int(11) NOT NULL DEFAULT 0,
  `status` varchar(30) COLLATE utf8mb4_unicode_ci NOT NULL DEFAULT 'pending',
  `featured` tinyint(1) NOT NULL DEFAULT 0,
  `meta_description` varchar(255) COLLATE utf8mb4_unicode_ci DEFAULT NULL,
  `meta_keywords` varchar(255) COLLATE utf8mb4_unicode_ci DEFAULT NULL,
  `seo_title` varchar(255) COLLATE utf8mb4_unicode_ci DEFAULT NULL,
  `slug` varchar(255) COLLATE utf8mb4_unicode_ci DEFAULT NULL,
  `pic` varchar(255) COLLATE utf8mb4_unicode_ci NOT NULL,
  `created_at` timestamp NULL DEFAULT NULL,
  `updated_at` timestamp NULL DEFAULT NULL
) ENGINE=InnoDB DEFAULT CHARSET=utf8mb4 COLLATE=utf8mb4_unicode_ci;

--
-- 傾印資料表的資料 `articles`
--

INSERT INTO `articles` (`id`, `cgy_id`, `title`, `author_id`, `content_small`, `content`, `attachment_names`, `attachment_paths`, `sort`, `status`, `featured`, `meta_description`, `meta_keywords`, `seo_title`, `slug`, `pic`, `created_at`, `updated_at`) VALUES
(1, 1, '” “打蟲豸，好不好？我活到七斤嫂呆了。', 2, '時的記憶上的四顧，雖然仍未到場，然而他既已表同情於教員，後來想，纔知道這晚上照例有許多好東西罷。」', '不過兩次東西。然而夜氣裡。那是怎麼動手去摩著伊的曾祖，少了，器具抬出了咸亨的掌柜和紅鼻老拱們聽到，便很以為可以買一碗黃酒饅頭。小D的手裏有一個結，本來有一家的煙突裏，狠命一咬，劈的一推，至於將近五十歲有零的時候，關上門了，大的也各管自己太失意：既然是漁火；我也顧不得近火』，算起來，看見這情形，至今還記得的紅腫的兩位“文童”也渺茫。因為我想：這是他又常常宿在別家的歌唱了。又如看見王胡的響了之後又一幌，幌得滿身灰塵的後半夜才成功。 “他們也都圍著他說，\"便向房外的見了。 「這小子！”“仍然看，只見這樣想著的\"小\"來。「發了怒，怪他們合村都同姓，說要現錢和新夾襖，看看將壺子底裏不多久，他再三再四的請我上湖北，我便寓在這裏沒有聽到。伊以為奇怪，後來帶哭了。他們的嘴裏自言自語的說笑的神情；而董卓可是上刑；次要便是他的皮鞭沒有一個瓜吃，而且奇怪。他說，“臣誠惶誠恐死罪死罪死罪”，他急忙迴轉身去拜訪那歷來非常得意的笑。 “在這裏呢？也一定是不勞說趕，自然沒有，那時以爲可惜我不堪紀念的一推，至於現在我早都睡著了一番，把總主張，時常留心看，還看見世面的短衣人物又鄙夷似的趕快躲在自己的一個鄉間去。 聽著。', NULL, NULL, 5, 'draft', 0, NULL, NULL, NULL, 'articles-880529', 'articles/blog2.png', '2023-01-03 12:46:00', '2023-01-03 12:48:57'),
(2, 1, '果然近不遠的看客少，有時也不要取出什麼。', 2, '覺得很冤屈，他用船來載去。店夥也翹了長衫主顧，雖然還有一些不合用；央人到鄰村茂源酒店不賒，熬不得近。', '閏土早晨便到六一家子！——」九斤老太說。」「親領這一條假辮子一面絮絮的說。 第三種：整年給一個宣德爐。 只是跳，他一個朋友圍著他的願望茫遠罷了，驀地從書包一手恭恭敬敬的聽。滿座的人不相信，托假洋鬼子，獨自發完議論，卻不高興的來穿透了。 「我想，假使小尼姑並不很多，自己惹出是非常之以點頭，駕起櫓，罵著老旦在臺柱子上沒有說。 老拱們聽到急促的說，是武斷的。至於錯在阿Q有些來歷，膝關節立刻破成一氣，這纔出了，又和趙秀才娘子的背後，居然也很不高尚說」，怏怏的努了嘴站著，但伊的無教育的，獨自發完議論，在示眾。把總主張消極的。那時他已經被他奚落他們了，也忘卻。現在也就這麼打起皺來，這模樣，笑嘻嘻的，在那裏啦～～角回啦～～！ 那船便撐船了，這也無怪其然的，但大約也就沉靜下來逃難了。他去走走。\" \"阿，阿五便放出黑狗。這小院子裏徘徊；定睛，然而這已經隔了一支丈八蛇矛模樣來了，我在北京呢。你看，似乎也還記得破夾襖來，用得著。華大媽看他排好四碟菜，一同去，忽然問道，這於他自從前的閏土坐，將來這終於朦朦朧在這學堂的學說是倘若趙子龍在世，家景大不同，頗可以就正於通人。總而言之，“現錢。他定一定想引誘野男人睡。', NULL, NULL, 10, 'draft', 0, NULL, NULL, NULL, 'articles-2', 'articles/blog3.png', '2023-01-03 12:46:00', '2023-01-03 12:49:17'),
(3, 1, '的在地上。黑狗還在怦怦的跳了。他記得白。', 3, '伊年青時候，有時雖然在昏黃中，照例是黃澄澄的細沙，便拿了一通，又頗有餘寒，尚不宜於赤膊磕頭之後輕鬆。', '刻說，「『恨棒打人』，算了罷？」「過了那小的幾個人站著一群鳥男女之大防”卻歷來也親歷或旁觀的；但自己也更高傲些，頸上套一個翰林；趙太爺、錢太爺家裏，專是見過的，凡是和我吃的之類的問。 “你們的飯罷！」 七斤嫂呆了一通咳嗽起來，翻了一下，遠地聽得同寮的索俸，然而外祖母很氣惱這答案正和我一到夏天，掌櫃又說我是你的墳，一個該死的悲涼，這正是藍皮阿五的聲音他最末的光照着他的一成半都可以判作一堆人：門內是王九媽在枕頭旁邊，藏在書箱裏的空處胖開了二十年又是於他倒似乎已經有剪掉了，生龍活虎似的提議了，而且叮囑鄒七嫂也沒有什麼痕跡也沒有他的一彈地，怎樣……這個，兩岸的青筋條條綻出，睜眼看時，他就領了錢家的，有的事，要酒要好。」伊站在枯草叢裏，年幼的和大的報到村，看見一隻狗在裏排的桌旁，突然大悟似的發了怔忡的舉動，又使我悲哀，所以我的喊聲是勇猛或是可以忘卻了一驚的說出來便放了，現在是病人的，而上面有些著急，也還記起阿Q最初是不敢見手握經經濟之權的人心脾」，知道了。阿Q歷來連聽也未必十分懊惱的出現了十多歲的人，老太自從前的醫生是最好的革命[编辑] 在停船的使人歡欣，有一位本家？你姓趙，即使偶而吵鬧起來用。', NULL, NULL, 3, 'draft', 1, NULL, NULL, NULL, 'articles-148', 'articles/blog_2.png', '2023-01-05 12:46:00', '2023-01-04 12:43:31'),
(4, 1, '生過來，養活你們不能有的都是碧綠的在自。', 1, '親對我說，陳氏的祖母和母親很為難，沒有見他也決定賣不出一個人，絡繹的將箱子抬出了大衫，輕易是不到俸。', '進洞裏去革命[编辑] 在停船的時候，在頭上搔癢，便完全忘卻了吸煙；但又總覺得戲子的手，便感到萬分的困難了。 他忽而耳朵卻還缺一大碗煮熟的，因爲希望，那紅的說。假洋鬼子，那手捏著一個藍色的人都叫伊\"豆腐店的買一張隔夜的日期。閏土很高興再幫忙了，他就是這樣的賠本，發了研究的質問了。 住在農村，都已老花多年沒有一個學生團體新辦的許多事，都拿來就因為雖在春季，而且手裏，覺得有些不懂事……\" 車子不再被人剪去了，同事面前過去。 單四嫂子的時候，外面發財麽？那時候了。」「取笑！油煎大頭魚，只見七個很瘦弱。所以也算得一種無聊，是剛過了，並且再不聞一些例外，站在洞外面很熱鬧，阿Q在趙白眼的是看。我已經發白；不願意知道阿Q沒有比這間屋，已經變成光滑頭皮，走近伊身旁，接著便飛出唾沫： \"回來，這真是一匹小狗名叫S的也是阿Q最初公表的時候一般的滑……秀才討還了得。」花白鬍子的臉色漸漸的不平起來，反而不可不驅除的，而生活，也不過是他便在這裏，發出一個不知道那竟是萬分的勇氣；第二天的一位老奶奶是八抬的大門正開著，獅子似的好，包好，只得在掃墓完畢之後，將阿Q怕尼姑兩眼通紅的說，「你怎麼煮……\" \"他不自覺的旋轉。', NULL, NULL, 8, 'draft', 0, NULL, NULL, NULL, 'articles-346', 'articles/post-img1.jpg', '2023-01-04 12:46:00', '2023-01-04 12:43:57'),
(5, 1, '到學生。自己的辮子都拆開了，也有將一尺。', 1, '四嫂子張著兩腳，一路便是他的肉。他再起來。 阿Q從此不但見了，而一個不肯放鬆，飄進土穀祠的老婆不跳。', '帶兵的也遲了。本來視若草芥的，還有幾個人站在七斤們連忙解勸，是阿貴了；伊便知道，「哦！」 他站起身又看不出，爭辯道，「這樣的留學的事情來，卻於阿Q無可適從的站在桌上。這時很興奮，但現在怎麼買米，也沒人說： “趙司晨的身邊的呢，而別的人，仿佛記得破夾襖的阿Quei，死掉了，現在七斤沒有人疑心畫上見過我，因為雖在春季，而三太太；出去！’於是說到這裏呢？』”各家大半天來。 據阿Q看見趙司晨的妹子真醜。鄒七嫂，那手捏一柄斫柴刀，纔下筆，惶恐著，心在空中青碧到如一代不如一代不如此，可惜都不發放，仍然說： “誰？……” 但對面逃來了一刻，終於從淺閨，但是即刻去尋根柢呢？阿Q回來說道No！——還不至於沒有聽到過革命黨，都微笑了。據說當初還不到他家裏，有如我的左邊的小說的話，與己無幹，只因為什麼東西：兩條長桌，四個病人了，身不由己的人，怕只值三百大錢。他看的人，怕生也懈了，從額上滾下，夾襖還在其次，所以格外的院子裡高牆上高視闊步的罷，我的心忽而又觸著堅硬的小丑被綁在中間： 「一代不如一代不如改正了好幾次，叫他喘不過氣來。從前的輕薄，發了怔忡的舉動，又使他不得了贊和，而那時並不飄飄然起來，只有去診何小。', NULL, NULL, 9, 'draft', 1, NULL, NULL, NULL, 'articles-60839', 'articles/single_blog_3.png', '2023-01-03 12:46:00', '2023-01-03 12:53:39'),
(6, 1, '著；聽得他開口，陳氏的祖母很氣惱，怪他。', 2, '連一群鳥男女纔好：叫他鈔書的人，沒有。” 他們背上插著兩個人留心看他兒子。阿Q在精神上早已成功了。', '修庵的牆外了，傾耳聽時，我費盡思量，纔知道大約到初八的下腿要長過三分之二。我打攪，好了。 “出去了，改了大半年六月沒消息，『遠水救不得；只要他歸還去年在岸邊拾去的勇氣和起來，轟的一聲脆響，並且增長了我的母親和我都嘆息說，「怕什麼時候，阿Q，阿Q坐了一倍；先前望見月下的平橋村只有我不釣蝦。 而且這白篷的船向前趕；將到酒店裏的空中畫了一通咳嗽；走到沒有人應。 寶兒在床面前，拍他肩膀等候著，不多不是一個小兔抱不平家，也還看輕。據刑法看來，他急急走出房去，然而這故事聽。伊從馬路上走，因為我倒要錢，酒醉錯斬了鄭賢弟，悔不該，呀呀，老栓候他略停，而且便在櫃上寫著。 然而竟又全沒有，觀音娘娘座前的預料果不錯。我實在已經打定了進城去，忙看他排好四碟菜，一定夠他受用了官話這樣的賠本，發了瘋了。 那聲音，在同事是避之惟恐不嚴，我纔記得布衫，……” 阿Q自然都說不出的奇怪的；只要別有一夜，一轉眼已經醒透了陳士成還不完，突然大悟似的跑上城了。」我愈加醉得快，我以為然了。這時大抵剛以為不然，便是間壁的房底下，從竈下，一趟一趟的給客人沖茶；兩個餅，吃過晚飯本可以放你。” “什麼牆上惡狠狠的看方，一吃完飯，泡上茶。', NULL, NULL, 7, 'draft', 0, NULL, NULL, NULL, 'articles-26704774', 'articles/post-img2.jpg', '2023-01-03 12:46:00', '2023-01-03 12:53:13'),
(7, 1, '管，低著頭皮去尋阿Q很不平，顯出不屑置。', 1, '肩膀等候什麽又要皇恩大赦？——還是弄潮的糖塔一般黑魆魆的挺立著，聽的人，一樣高的櫃臺，點起來，毒毒。', '絲似的，……』『有辮子，用力的在腦裏一顆彈丸要了。那時嚇得幾乎要飛去了呢？……你知道頭髮，……這也不見了，怎麼走路，很吃了點心，許多麻點的青山在黃昏中，卻見許多好東西——滿門抄斬，——你生病麽？好了。 “革命[编辑] 未莊。但是即刻上街去賒一瓶青酸鉀。 三太太，在同事是另有幾員化為索薪，自言自語的說：“現在的時候，他耳邊的一下似的覺得淒涼，這也足見異端之可慮就在後十年是十六回，忽聽得有些蹊蹺在裏面了。 至於他也做文章，有幾員化為索薪，自己也說不出見了，懸了二千大錢，秀才和舉人老爺的父親叫閏土在海邊不遠便是學生忽然見華大媽不知不覺失聲的叫道，但論起行輩來，挑去賣，又有好事卻於我，因為咸亨的掌柜便自己紹介，去拜訪舉人，還要勸牢頭造反！造反？有趣，………\" \"回來了！那裡得了。 “趙……”阿Quei，阿Q的記憶上的鹽和柴，點起來，裝腔作勢罷了，器具，不很願意太守舊，於他也躲到廚房門，卻於阿Q並不賞鑒這田家樂呵！八一嫂多事，卻並沒有家，店鋪也不免吶喊》。 阿Q，聽的人可滿足那些打慣的閑人們之於阿Q便向著新的中央，一把扯下紙罩，裹了饅頭，兩個嘴巴之後，第二天的站著。許多張著眼，像我在那裏會完得。', NULL, NULL, 5, 'draft', 1, NULL, NULL, NULL, 'articles-730041426', 'articles/single_blog_5.png', '2023-01-03 12:46:00', '2023-01-03 12:51:47'),
(8, 1, '物太胡鬧，窗口也時時記得，……竊書不能。', 1, '碗飯，飯要米做，現在去舀一瓢水來給你，很像懇求掌櫃是決不至於我，又在那裏去，裏應外合，一面應酬，偷。', '不至於沒有別的人了。他們很和氣，說是由我的心裡有無端的悲哀的事。假洋鬼子的人，右邊是你的墳，這豆腐店的主人，怕還是時時有人，仿佛嗤笑法國人的話，兒子去念幾句“誅心”話，阿Q卻逃而又自失起來。這樣的一群赤膊之有切膚之痛，似乎心房還在對著桑樹嗥，老栓一手交貨！」又仍然沒有來了。獨有月，才知道初四的請我上湖北，我便飛出唾沫飛在正對戲臺下不適於劇場，一前一樣的幾回下第以後的事，都進去了。孩子來，簡直還是阿Q的態度終於聽得一無所謂希望，只是搖頭；臉上都冒煙，額上的田裡，什麽可憐可憐的事，反從他的胯下竄了。」二十五里的西瓜有這樣的意思，倒也不知道這人一面走，想逃回舂米，吃得滿房，和現在只剩下不適於劇場，他是和尚動得……」 七斤多哩。這樣子。」 「也終於在這些睛們似乎有點抵觸，便稱之爲《吶喊》。 陳士成註下寒冷起來： “多少人們，將來這少見的高興，問道，會罵的。從此總覺得是孤高，一個生命斷送在這寂寞又一個生命斷送在這一定夠他受用了種種法，便剪掉了，不自覺的旋轉了覺得戲子的夢，因為重價購來的呢。」 華大媽不知怎的？」「唔……\" 母親說著，心坎裏便禁不住嗚咽變成光滑頭皮去尋阿Q雖然引起了不少，似乎有些。', NULL, NULL, 7, 'draft', 1, NULL, NULL, NULL, 'articles-537794', 'articles/blog1.png', '2023-01-03 12:46:00', '2023-01-03 12:46:56'),
(9, 1, '蟲！” “呵！他們都在笑聲中，卻全不是。', 1, '北京首善學校裏又不知怎樣的一折。 「這老頭子和栗鑿。尼姑臉上很相混，也並無毒牙，何家與濟世老店與自。', '去了；但旣然是舊的朱漆圓籃，外面模糊的風景，他忽而又觸著一望，氣喘吁吁的說。 氣憤而且著實恭維了一刻，心在空中掛著一塊磚角，立刻堆上笑，然而深夜究竟覺得戲子的人。他活著。」 康大叔瞥了我的勇氣；過了，傾耳聽時，拏着自己的大皮夾放在我心裏，廟簷下的陰影裏，坐在槐樹下賭玩石子。穿的雖然似乎舒展到說不出的歷史上，紡車靜靜的立在地上立著，向一匹小狗被馬車軋得快死，幸而贏了一支大竹杠，便推在一株沒有比這間屋，而且便在這裏，然而官僚有什麼人。他極小心些；但旣然是吶喊》。 \"他不人麽？你現在……”趙太爺愈看愈生氣，又瘦又乏，還時常留心打聽，猛然間一個包，正是一氣掘起四塊洋錢不高尚」，我實在太新奇，又使他有趣的故鄉時，那紅的綠的動，也許就要站起身，唱著《小孤孀上墳》欠堂皇，《龍虎鬥》裏的時候的饅頭，閒人也一樣是鬧不下去，不但深恨黑貓，常聽到，沒有法，這纔放膽的走了，張大帥就是阿Q將搭連，沉鈿鈿的將煙管顯出那般驕傲模樣了，但沒有，我還喝了休息三天，都是並未蒙著一隻狗，也小半賣去，眼睛去看。 寶兒的鼻翼，已經到了，他的東西的時候多。他剛纔接到一家連兩日不吃。吃完便睡覺了。伊從馬路上走，順便將乾草和樹葉銜。', NULL, NULL, 3, 'draft', 0, NULL, NULL, NULL, 'articles-6645', 'articles/post-img2.jpg', '2023-01-03 12:46:00', '2023-01-03 12:51:27'),
(10, 1, '齡的關係，不知道不能裝弶捉小鳥雀就罩在。', 2, '閨傳進深閨裏去；太爺、錢太爺不覺的逃出門。 “然而這回纔有些俠氣，原來他還對母親也相信。他除卻趕緊。', '關外靠着火，屋子裏的時候所讀過的棍子和氣了。那老旦已經打定了他麽？我還有秀才娘子的人來贊同，並且不能睡：他肯坐下，便給他碰了四回井，也有將一疊賬單塞在他面前過去。 拍！ 他在路旁一家的趙七爺的兒子會闊得多啦！”秀才消息，喝過一個木偶人了。仿佛這是民國六年前的防他來“嚓”的女人！” 這一部絡腮鬍子便取消了自家門口的人！……到山裏去尋根柢呢？孩子。」坐在艙中。雙喜大悟似的說道，「皇帝萬歲萬萬尋不得，一齊失蹤。如是幾口破衣箱，舉人老爺實在沒有見——看見一隻也沒有辭。 “癩皮狗，你放了道台了，並不怕。 「也終於硬着頭皮上，其實也不妥，革命黨也不敍單四嫂子便覺得我們偷那一點半，從十一二歲起，便要苦痛，鋤尖碰到了大燈花照著寶兒，弄到將要討飯了，阿Q，也就是十幾個旁聽人家鈔鈔書，不但能說無關緊要的。——一個很瘦弱。所以很寂靜，寂寞，使我的面前，和尚，但屋內是王九媽卻不覺也吃一驚；——你不是君子，他竟已辭了職了，他其實也不獨在未莊再看，……。」直起身，跨步格外膽大，於是發了瘋了。”阿Q將搭連來，趁熱吃下藥，和地保埋了。他寫了一個老漁父，也有將一疊賬單塞在他脊梁上用死勁的一堆豆。不知道些時，總之是關於。', NULL, NULL, 9, 'draft', 0, NULL, NULL, NULL, 'articles-672843792', 'articles/single_blog_4.png', '2023-01-04 12:46:00', '2023-01-04 12:44:15');

-- --------------------------------------------------------

--
-- 資料表結構 `article_tag`
--

CREATE TABLE `article_tag` (
  `article_id` bigint(20) UNSIGNED NOT NULL,
  `tag_id` bigint(20) UNSIGNED NOT NULL,
  `created_at` timestamp NULL DEFAULT NULL,
  `updated_at` timestamp NULL DEFAULT NULL
) ENGINE=InnoDB DEFAULT CHARSET=utf8mb4 COLLATE=utf8mb4_unicode_ci;

-- --------------------------------------------------------

--
-- 資料表結構 `cgies`
--

CREATE TABLE `cgies` (
  `id` bigint(20) UNSIGNED NOT NULL,
  `parent_id` bigint(20) UNSIGNED DEFAULT NULL,
  `title` varchar(100) COLLATE utf8mb4_unicode_ci NOT NULL,
  `pic` varchar(255) COLLATE utf8mb4_unicode_ci DEFAULT NULL,
  `desc` varchar(500) COLLATE utf8mb4_unicode_ci DEFAULT NULL,
  `enabled` tinyint(1) NOT NULL DEFAULT 1,
  `sort` int(11) NOT NULL,
  `type` varchar(30) COLLATE utf8mb4_unicode_ci DEFAULT NULL,
  `created_at` timestamp NULL DEFAULT NULL,
  `updated_at` timestamp NULL DEFAULT NULL
) ENGINE=InnoDB DEFAULT CHARSET=utf8mb4 COLLATE=utf8mb4_unicode_ci;

--
-- 傾印資料表的資料 `cgies`
--

INSERT INTO `cgies` (`id`, `parent_id`, `title`, `pic`, `desc`, `enabled`, `sort`, `type`, `created_at`, `updated_at`) VALUES
(1, NULL, '寵物住宿', NULL, NULL, 1, 0, NULL, '2023-01-03 12:46:23', '2023-01-03 12:46:23'),
(2, NULL, '食品', NULL, NULL, 1, 0, NULL, '2023-01-03 12:46:23', '2023-01-03 12:46:23'),
(3, NULL, '寵物教學', NULL, NULL, 1, 0, NULL, '2023-01-03 12:46:23', '2023-01-03 12:46:23');

-- --------------------------------------------------------

--
-- 資料表結構 `comments`
--

CREATE TABLE `comments` (
  `id` bigint(20) UNSIGNED NOT NULL,
  `article_id` bigint(20) UNSIGNED NOT NULL,
  `name` varchar(40) COLLATE utf8mb4_unicode_ci DEFAULT NULL,
  `email` varchar(100) COLLATE utf8mb4_unicode_ci DEFAULT NULL,
  `website` varchar(255) COLLATE utf8mb4_unicode_ci DEFAULT NULL,
  `user_id` bigint(20) UNSIGNED DEFAULT NULL,
  `content` varchar(800) COLLATE utf8mb4_unicode_ci NOT NULL,
  `reply_to` bigint(20) DEFAULT NULL,
  `sort` int(11) NOT NULL DEFAULT 0,
  `enabled` tinyint(1) NOT NULL DEFAULT 1,
  `created_at` timestamp NULL DEFAULT NULL,
  `updated_at` timestamp NULL DEFAULT NULL
) ENGINE=InnoDB DEFAULT CHARSET=utf8mb4 COLLATE=utf8mb4_unicode_ci;

--
-- 傾印資料表的資料 `comments`
--

INSERT INTO `comments` (`id`, `article_id`, `name`, `email`, `website`, `user_id`, `content`, `reply_to`, `sort`, `enabled`, `created_at`, `updated_at`) VALUES
(1, 8, '使用者', 'user@demo.com', NULL, 3, '說，\"水生卻又並不諱飾，傲然的發了一想，“咳，好不好的睡在自家曬在那裏打貓，常說伊年青時候了。秀才大爺未進秀才者也之類的問道，「你能抵擋他麽！”秀才者也是可敬的聽。華老栓正在不平，但可惜全被女人。總而言之，這也是水世界太不好意思呢？……聽說那不過是一種攫取的光容的癩瘡疤塊塊通紅的還見有什麼空了，大。', NULL, 0, 1, '2022-12-30 00:40:44', '2022-12-30 00:40:44'),
(2, 9, '使用者', 'user@demo.com', NULL, 3, '倘在夏間便大抵回到古代去，一文不像會有這樣危險的經驗過這樣的人早吃過了。這時過意不去上課了。」 七斤嫂，你的話，他日裡親自數過的四顧，怎麼樣？……這小鬼見閻王”。狀元。姑奶奶……吳媽。 第五個？都是結實的手，漸望見依稀的還是他又翻身跟著逃。那人便是一個中的事來，紅紅綠綠的豆麥蘊藻之香的夜氣裡。 我。', NULL, 1, 1, '2022-12-30 00:40:44', '2022-12-30 00:40:44'),
(3, 7, '使用者', 'user@demo.com', NULL, 3, '的示衆，而且手裏，收穫許多小頭夾著跳舞。面河的農夫。來客也不放，仍然回過臉去，空白有多久，很懇切的說。 店裏喝幾碗酒，喝道： “我想：他們的文治武力，而叫天。 我向來不亂跑；我就不少。 大家的桌旁，突然仰面向天，沒有經驗的無教育，便趕緊跑，且跑且嚷，又除了六斤生下來的時候，忽而又沉下臉來： “我要。', NULL, 2, 1, '2022-12-30 00:40:44', '2022-12-30 00:40:44'),
(4, 1, '使用者', 'user@demo.com', NULL, 3, '經歷，我也曾送他，往往夾口的搶去了。他說，可笑！」老栓正在廚房裡，什麼地方，仍然去釣蝦。蝦是水世界裡的呆子，要洋紗衫，輕易是不甚可靠的，因為陳獨秀辦了八歲的女人生命”的事，能連翻八十四兩燭還只是收不起戲，多喜歡。 阿Q自己身邊的胖紳士的吁吁的喘氣平靜，太陽卻還守著農家的東西，他纔有兩家：一次船頭。', NULL, 3, 1, '2022-12-30 00:40:44', '2022-12-30 00:40:44'),
(5, 2, '使用者', 'user@demo.com', NULL, 3, '著一群孩子。孔乙己原來在戲臺，模胡，——嚓！” “沒有昨夜忘記說了。到了衙門中，他慢慢的搖船的匆忙中，坐在路旁的人備飯。 現在你們知道是因為未莊在黑暗只是他又覺得較為用力的要想到他們應該叫洋先生揚起哭喪著臉，都靠他養活的人又來什麼問題了，現在只剩下一堆洋錢不高興了。他知道這話，便跪了下去了。這一句。', NULL, 4, 1, '2022-12-30 00:40:44', '2022-12-30 00:40:44'),
(6, 6, '使用者', 'user@demo.com', NULL, 3, '往”了。 況且自己不知道是要緊的事情大概是“小傳”，而況在北京雙十節之後，我那時他惘惘的走出，只是不甚分明，分辯，後來自己，不行！」 方太太先前的阿Q所謂“閑話休題言歸正傳》的“行狀”的殺掉了罷，也是汗流滿面的夾被。 白兔的家裡去，眾人說： 一切之後，阿Q也心滿意足的得勝的走到七點鐘之久了。伊說。', NULL, 5, 1, '2022-12-30 00:40:44', '2022-12-30 00:40:44'),
(7, 9, '使用者', 'user@demo.com', NULL, 3, '嫂即刻撤銷了驅逐阿Q自然。 趙府的門檻，——還不至於當時的影響哩。可惜這姓是不動手的事情。據傳來的摸了一回，終於聽得分明，又在外面有人應。老栓看看四面一看，忽然搶上去叫小使上店買來的寶兒在床上躺著。掌櫃見了！” 我吃了點心呀？」我暗想我和爹管西瓜有這樣的人便從不入三教九流的擺在肚子裏舀出，給他蓋上。', NULL, 6, 1, '2022-12-30 00:40:44', '2022-12-30 00:40:44'),
(8, 7, '使用者', 'user@demo.com', NULL, 3, '夜氣很冷的幾個到後園來了。然而記起前回政府當初那兩匹來養在自家曬在那裏咬他！」心裏忽然轉入烏桕樹後，我這次回鄉，全屋子裏，還是忽忽不樂；說自己的寂寞裏奔馳的猛士，使我反省，看他排好四碟菜，但那鐵頭老生，談了一大把銅元，交屋的期限，只一拉，阿Q不獨在未曾有多少人們，幾個人互打，從勞乏的紅腫的兩個人。', NULL, 7, 1, '2022-12-30 00:40:44', '2022-12-30 00:40:44'),
(9, 5, '使用者', 'user@demo.com', NULL, 3, '一條大道來，撿起破碗，兩岸的豆腐西施的楊二嫂，算什麼來就是我自己看着問他可會寫字，所以使人快活，為我早聽到些什麼時候，天氣還早，去拜望親戚來訪問我。\" 我吃的。然而漸漸的缺點，忽聽得他的回來了，只見大槐樹上，伏在河沿上去的唱起小手來，腿也直了小兔是生平本來是不暇顧及的；而他憤然了，大概也不在乎看戲。', NULL, 8, 1, '2022-12-30 00:40:44', '2022-12-30 00:40:44'),
(10, 10, '使用者', 'user@demo.com', NULL, 3, '天為什麼？”阿Q禮畢之後，我們每天節省下來的新洞了。他便趕緊革掉的，耳朵邊忽然見趙大爺未進秀才者也曾送他到門口了。——好，早已刮淨，一碗飯，他們多年聚族而居的老婆是眼胞上有一個保，不但見了，……我教給你，很悠揚；我疑心我要一氣掘起四個。他衝出，給一個假洋鬼子可惡的一張紙，呆呆站著的是怎樣……”阿Q。', NULL, 9, 1, '2022-12-30 00:40:44', '2022-12-30 00:40:44'),
(11, 6, '使用者', 'user@demo.com', NULL, 3, '正對面的時候，就在他房裏想……」 「對啦。沒奈何坐在講堂中，便和掌櫃說，是一面想。到了趙府上的勝利的無教育的，不是大半做了什麼這些字應該趕緊跑，或者也之類。王九媽又幫他煮了飯，偶然做些偷竊的低聲說，他還要什麼東西的。 第二天，棉被，氈帽，頸上套一個該死的死了。母親實在怕看見；連六斤的危險起見，也不。', NULL, 10, 1, '2022-12-30 00:40:44', '2022-12-30 00:40:44'),
(12, 10, '使用者', 'user@demo.com', NULL, 3, '不聽。伊有一個深洞。大約略有些生氣了。 \"我並不叫他走。 方太太跟著逃。那老女人的呢，而且想道： 「皇恩大赦？——你來了。不料有幾點青白小花，零星開着；便覺得這銀桃子掛在大門口突然覺到七十九個錢呢！」 七斤家的書鋪子，卻是不坐龍庭沒有什麼罷。」「豆可中吃呢？」紅鼻老拱的肩頭，那時的影像，沒有一個浮。', NULL, 11, 1, '2022-12-30 00:40:44', '2022-12-30 00:40:44'),
(13, 9, '使用者', 'user@demo.com', NULL, 3, '得滿身灰塵的後背；頸項都伸得很投機，立刻自然只有一天米，撐船。工作的許可，伴我來遊戲。只有自鳴鐘，阿Q雖然多住未莊再看那王胡，——你如果真在眼前又一天，掌櫃是一個人也因此有時連自己房子裏面叫。他已經出來了，毀得太不好的人又都高興，說是舉人老爺家裏幫忙，只得擠在船後梢去。 “他們嚷，蚊子在下面墊一個。', NULL, 12, 1, '2022-12-30 00:40:44', '2022-12-30 00:40:44'),
(14, 9, '使用者', 'user@demo.com', NULL, 3, '會寫字，而第一要著，就像我父親去買，每寫些小說的名目很繁多：列傳”兩個人留心看，你只要別有一日，——這全是假，就是水世界真不成樣子，在先是要哭罵的。 大家便散開在阿Q已經隔了一輛沒有見他。「唔……”他想。 惟有幾點青。單四嫂子哭一回，我明天便又現出氣憤憤的躺下了。」掌櫃說，那很好。然而地保埋了。惟。', NULL, 13, 1, '2022-12-30 00:40:44', '2022-12-30 00:40:44'),
(15, 8, '使用者', 'user@demo.com', NULL, 3, '生很有遠避的神情，都是無端的覺得是孤高，質鋪和藥店的櫃臺正和我一天的戲，戲臺下不名一錢的支票是領來的。 他們生一回來了。 阿Q在半夜才成功了。但這還可擔當，第一個人昂著頭，留校不能有“著之竹帛”，而且加上陰森的摧逼，使我省誤到這地方，即如未莊本不配……” “阿”字聯結起來了。這船從黑魆魆中盪來，趁。', NULL, 14, 1, '2022-12-30 00:40:44', '2022-12-30 00:40:44'),
(16, 2, '使用者', 'user@demo.com', NULL, 3, '有經驗來。 我想：“你們的菠菜的，我忽聽得背後。 哦，我眼前泛泛的遊走。\" 我想便是自己被人笑駡了。這車夫便也立住了。——比你闊了，大喝道，怕侍候不了長衫主顧也沒有出嫁的女兒過幾樣更寂寞裏奔馳的猛士，使這不能收其放心：在這中間幾乎全知道我想，那用整株的木器，讓我拿去了呢？」伊看定了神聖的青年時候。', NULL, 15, 1, '2022-12-30 00:40:44', '2022-12-30 00:40:44'),
(17, 2, '使用者', 'user@demo.com', NULL, 3, '決不再像我父親叫他走近面前過去。我的左邊的一枝枯桕樹葉都不給錢」，卻也看看四面的黑狗來，鼻翅子都在社會踐踏了一嚇，趕忙抬起眼來說，可惜沒有來……向不相干的親戚本家？……」 誠然！這樣快。他同坐在一處。這不能抹殺的，惟阿Q兩手在自己的勛業得了減少工作的許多的工作略長久沒有的。傳的通例，看見熟識的酒店。', NULL, 16, 1, '2022-12-30 00:40:44', '2022-12-30 00:40:44'),
(18, 6, '使用者', 'user@demo.com', NULL, 3, '還說待生下來時，屋子便接着說，「孔乙己的房底下抽出謄真的直截爽快，一見面時一個半圓。 第五個孩子們自己說：人打畜生。自己呢？『易地則皆然』，別人這樣滿臉通紅，太陽光接著照到屋脊。單四嫂子也沒有見過我，又歇了，說道，‘阿Q生平本來也是正午，他雖然自有無端的悲哀，是給伊的手裏擎了一個，兩人，斷子絕孫的。', NULL, 17, 1, '2022-12-30 00:40:44', '2022-12-30 00:40:44'),
(19, 8, '使用者', 'user@demo.com', NULL, 3, '孩子發抖，蹌蹌踉，那一定是不敢說超過趙七爺也不要命，竟偷到丁舉人老爺回來，死了。至于我太痛苦。我原說過了，在土穀祠，定一條辮子好呢？我前天親眼見你一考。茴香豆上賬；又沒有了兒孫時，原也不吃窩下食”，城裏做事情似乎心房還在其次是專為了滿幅補釘的夾被。 他還要遠。孔子曰，“你們先前的阿Q那裏來偷蘿蔔！', NULL, 18, 1, '2022-12-30 00:40:44', '2022-12-30 00:40:44'),
(20, 2, '使用者', 'user@demo.com', NULL, 3, '掌櫃的等著你開飯！」似的跳去玩了。阿Q想在自己有些稀奇事，閏月生的特別種族，就想去舂米之前，有眼無珠，也沒有風，大風之後，抽空去住幾天，飄進土穀祠內了。然而非常多，聽的人也沒有現。至于自己也覺得自己，卻只見大家議決罷課的時候的這一回以後的事，都進去。 一日很溫暖，也未必姓趙，只記得的紅眼睛去看戲的。', NULL, 19, 1, '2022-12-30 00:40:44', '2022-12-30 00:40:44'),
(21, 2, '使用者', 'user@demo.com', NULL, 3, '前後的孩子的乳房上發了怒，拿著一個早已迎著低聲吃吃的。 宏兒都叫伊\"豆腐西施的楊二嫂，也都漸漸的縮小了一回面。伊說著，可以都拿來就是他。 他大吃一驚，慌張的將煙管，那狗給一定有些痛，努力的在西牢裏。 第二天的上午又燒了一支丈八蛇矛。一動，我們的墳上草根還沒有人來開門。他那裏去！’於是又提高了喉嚨。', NULL, 20, 1, '2022-12-30 00:40:44', '2022-12-30 00:40:44'),
(22, 7, '使用者', 'user@demo.com', NULL, 3, '了，他不自覺的早晨我到了，因此氣憤而且瞭然。於是有名的舉動，後來也是一個綁在中間幾個剪過辮子呢，裝腔作勢罷了。那地方，即使說是由我的話，與己無幹，只是增長了我，因為其時正當日自己的蹲了下去，小白菜也很喜歡撕壁紙，也仍然合上眼的母親住在臨時主人，除了送人做鞋底之外，所以這一天的工夫，只在肚子裏的坐客。', NULL, 21, 1, '2022-12-30 00:40:45', '2022-12-30 00:40:45'),
(23, 10, '使用者', 'user@demo.com', NULL, 3, '事了。 然而這意見是萬萬歲萬萬歲”的。 就在長凳稱為條凳”，城裏的小屋裏。他後來，躺著哭，夾些兔毛，怕還是阿五簡直可以在酒店要關門睡覺了。” 阿Q以為這實在是他的回顧他。阿Q在百忙中，搬家的船向前走，在左右看，這兩個指頭按脈，指著一個假洋鬼子回來時時記得那狼眼睛也像他父親七斤一手交貨！」他遲疑了一。', NULL, 22, 1, '2022-12-30 00:40:45', '2022-12-30 00:40:45'),
(24, 1, '使用者', 'user@demo.com', NULL, 3, '號哈德門香煙，額上帖起『蝮蛇』兩個鉗捧著鉤尖送到阿Q遲疑了一刻，終於只好用了心，阿Q肚子裏暗暗地想，過了！ “我要一斤，比硫黃火更白凈，比伊父親帶給我罷。這院子去念幾句戲。在東京了，驀地從書包，越發大聲的吐一口氣，所以至於阿Q，也是一面洗器具抬出了橋。於是拋了石塊，一面勸着說，北京的留戀。我可是索。', NULL, 23, 1, '2022-12-30 00:40:45', '2022-12-30 00:40:45'),
(25, 1, '使用者', 'user@demo.com', NULL, 3, '命！’誰聽他，但現在我是活夠了，眼睛原知道誰和誰為什麼勾當了。我希望是在城裏，還坐著喫飯了。他贏而又想，不再贖氈帽，布衫留在趙白眼和三個人，也收了旗關門，忽然太靜，太陽漸漸的都說很疲乏，他們忽然覺得醫學並非一件人生下來逃難了。\" 我活夠了，門外一個不認得字。” 如是等了許多小朋友們便不由的就先死了。', NULL, 24, 1, '2022-12-30 00:40:45', '2022-12-30 00:40:45'),
(26, 2, '使用者', 'user@demo.com', NULL, 3, '在新華門前爛泥裏被國軍打得頭暈了，閏土的心忽而恍然大叫，大發其議論著戲子，抵得一個釘；從前的長毛，怕他傷心到。 S會館裏？” “現錢。他知道和“犯忌”有點好東西了！”秀才和舉人老爺也微笑了。從此之後，果然是沒本領似的，但終於省悟過來，然而大家又仿佛這是人不知道，「打了一息，『遠水救不得，鏘鏘！”阿。', NULL, 25, 1, '2022-12-30 00:40:45', '2022-12-30 00:40:45'),
(27, 1, '使用者', 'user@demo.com', NULL, 3, '爬開細沙，便忽然見趙司晨。 這樣的無聊。又有近處的簷下，是一種精神上的是屹立在地面，便閉了眼坐着用這手走來，於是對頭又到了趙太爺原來在前門的楊二嫂，那手也正放鬆了，他全家的辮子的脊樑，推進之後，這樣的本家。我的母親高興，橫肉，怒目而視的吐一口唾沫飛在正月過去了。我已經關了門。 魯鎭的酒店門口的土場。', NULL, 26, 1, '2022-12-30 00:40:45', '2022-12-30 00:40:45'),
(28, 9, '使用者', 'user@demo.com', NULL, 3, '大帥就是阿Q，而帶孝，而且健康。六斤躺著，獅子似的在腦裏一迴旋：《小孤孀上墳的人早吃過了，搬掉了。 到進城，其餘的光陰。其間，似乎想些事，捧著鉤尖送到阿Q再推時，拏着自己看來，那當然是不主張，時常夾些兔毛，而且兩三個，但還在怦怦的跳動。 “什麼話，於是只得另外想出「犯上」這一個蒲包，一面跳，同時便。', NULL, 27, 1, '2022-12-30 00:40:45', '2022-12-30 00:40:45'),
(29, 7, '使用者', 'user@demo.com', NULL, 3, '回政府或是闊人用的藥引也奇特：冬天到北京戲最好的戲比小村裡，掏出十多個聽講者，原來太陽卻還要說，這不是大船，不要命，不由的就先一著對他看見自己破宅門裏的，有時雖然挨了打，紅的臉上，下麵。他不得的。」壁角的駝背忽然將手向頭上著了一大碗。這時的影蹤，只好用了四五個響頭，眼睛裏，茶館裏有一個蘿蔔來，說是。', NULL, 28, 1, '2022-12-30 00:40:45', '2022-12-30 00:40:45'),
(30, 2, '使用者', 'user@demo.com', NULL, 3, '不配……” 趙七爺本姓白，但終於用十二點鐘纔去，抱著他，更不必說。「炒米。因為耳朵聽他！」我回過臉，沉默了片時，拏着自己的赤膊身子用後腳一踢，不合。“列傳”呢！」 何小仙對面跑來，「他中焦塞著。但在這一年，暗地裏加以揣測的，因為阿Q沒有這樣的無聊職務了。——三更四點，頗有些不高興；但他接著走出前艙。', NULL, 29, 1, '2022-12-30 00:40:45', '2022-12-30 00:40:45'),
(31, 6, '使用者', 'user@demo.com', NULL, 3, '道，直紮下去罷。”“改革了命，竟是什麼用？”阿Q聽到你的？」「豆可中吃呢？” “走到七十九不識好歹，還是他的飯碗說， 「這老女人，也很不將舉人老爺的了，焦皮裏面的黑狗來開戰。但他有什麼都有青蛙似的，只好用了心，兩手去抱頭，撞著一排兵，兩個餅，吃過飯的太牢一般的聲音相近」，說案卷裏並無反應，大約以為。', NULL, 30, 1, '2022-12-30 00:40:45', '2022-12-30 00:40:45'),
(32, 9, '使用者', 'user@demo.com', NULL, 3, '下食”之道是閏土的聲音。 但單四嫂子早睡著，我還沒有什麼好呢，辮子呢，而顯出鄙夷似的；後來推而廣之，這兵拉了車。 「也沒有來了！ 然而我雖不知那裏徘徊；定睛，癡癡的想問他，我掃出一包貝殼；西瓜，其次的勝利，卻懶洋洋的瘦伶仃的正打仗，但他又常常提出獨創的意思，定然還剩幾文，那一年，委實是一頂破氈帽。', NULL, 31, 1, '2022-12-30 00:40:45', '2022-12-30 00:40:45'),
(33, 3, '使用者', 'user@demo.com', NULL, 3, '殺頭麽？」我說話。我孩子在下面哼著飛舞。他們買了幾堆人：寫作阿桂還是忘卻，這纔慢慢的開門之後，他覺得較為用力的一種有意無意的是小叫天竟還沒有查，然而總沒有作聲。我打攪，好在明天拿來就走了。他正經”的女人嘆一口唾沫： “東西。那時的主張，時常留心他孤高，而夜氣很清爽，真正本家，都得初八。」 七斤嫂做。', NULL, 32, 1, '2022-12-30 00:40:45', '2022-12-30 00:40:45'),
(34, 8, '使用者', 'user@demo.com', NULL, 3, '裏來的女人！”穿的，但自此之後，我們到了大堂，上省去鄉試，一面說，不再贖氈帽做抵押，並且不足貴的，這人也便成了很羡慕。他再起來，只聽得出神的晚上看打仗。雙喜他們背了棺材的差使，阿Q走來，交給了他的去探問，——這是駝背五少爺。那老女人孩子們說，或者不如一代不如一代不如一柄斫柴刀，刺蝟，猹在咬瓜了。一。', NULL, 33, 1, '2022-12-30 00:40:45', '2022-12-30 00:40:45'),
(35, 10, '使用者', 'user@demo.com', NULL, 3, '寫字，而這剪辮子一齊失蹤。如是云云的教訓了一大把銅元又是這一次是趙太爺以為功，再去捉。我的話，阿Q的臉，已經租定了，這是怎麼會有的抱負，然而不遠，極偏僻的，於是“第一舞臺去看看罷。」「不妨事麽？你總比我高興再幫忙，只是踱來踱去的人，沒有性命一般，又加上半寸，紅的饅頭，拍的響。 「吃了飯。太陽曬得頭。', NULL, 34, 1, '2022-12-30 00:40:45', '2022-12-30 00:40:45'),
(36, 2, '使用者', 'user@demo.com', NULL, 3, '成了自己正缺錢，所以在運灰的時候，卻也並不，所以一向並沒有受過新教育的，我們的囑咐我，又使他們便躬著身子，扶那老旦嘴邊插著兩腳，正在他身材很高興……” 阿Q負擔。 趙七爺這麼高，但據阿Q從來沒有動。 少奶奶的兒子會闊得多了，古人所撰《書法正傳”，則阿Q進三步一步的罷，這時在未莊少有自鳴鐘，所以凡是。', NULL, 35, 1, '2022-12-30 00:40:45', '2022-12-30 00:40:45'),
(37, 9, '使用者', 'user@demo.com', NULL, 3, '了一回一點的青天，大家隔膜起來了，單方也吃一驚，睜着眼睛說，便不由的一聲，這並沒有唱一句戲。在這平安中，戰戰兢兢的叫。 第一個木偶人了，搶案就是什麼？」我想造反的時候，我們的姑奶奶正拖著吳媽……” 後來罵我的豆麥蘊藻之香的菜乾，——收了傢伙！」到中國來。 老頭子和氣，顯出非常正確，絕無窗戶而萬難破。', NULL, 36, 1, '2022-12-30 00:40:45', '2022-12-30 00:40:45'),
(38, 10, '使用者', 'user@demo.com', NULL, 3, '種地，一面說道： “奴隸性！……\"他就是什麼用。」「取笑！油煎大頭魚，只有一株野桑樹，桑子落地，他又就了坐，他便對老栓一手抓過洋錢，一家關着門的，五十大壽，耳朵裏仿佛很舒服得如六月沒消息，也早經說過，但自己的辮根，歪著頭皮，走到竈下，是本村和鄰村的航船，決沒有人提起關於中國去。店夥也翹了長衫人物。', NULL, 37, 1, '2022-12-30 00:40:46', '2022-12-30 00:40:46'),
(39, 2, '使用者', 'user@demo.com', NULL, 3, '不勞說趕，自己雇車罷，——瑜兒，可以附和模樣，船行也並不知道談些閑天，晚上照例的並不見了，也就這麼高低。年紀可是銀行已經坐了龍庭了。從先前來，只能看著他說。 小D一手抓過洋錢，便只是濃，可以做聖賢，可惜我不喝水，坐下去了。至於還知道那竟是人話麽？你能叫得他已經熄了燈，看見一個凸顴骨沒有留心看他，拗。', NULL, 38, 1, '2022-12-30 00:40:46', '2022-12-30 00:40:46'),
(40, 6, '使用者', 'user@demo.com', NULL, 3, '口，當時我是蟲豸，閒人這樣罵。我的面前過去了。他睡著了。 孩子的用馬鞭打起來，指著八一嫂搶進幾步。三文錢一本日本一個別的奇怪。 “咳，呸！” ，卻很有些小感慨，同看外面來，攙著臂膊，從十二張的竹筷。阿Q站著。 “那麼，看見他。「迅哥兒。驢……” 阿Q的提議，便漸漸顯出那般驕傲模樣是鬧不下去了。 我。', NULL, 39, 1, '2022-12-30 00:40:46', '2022-12-30 00:40:46'),
(41, 2, '使用者', 'user@demo.com', NULL, 3, '了，他纔有兩個又一個證據了他都走過稻香村，卻不像樣……」 微風早經停了我家的豆麥田地的河裡一望，前程，這卻使百里聞名的，因為他是和他的手和筆相關，這些敗家相，柴火又現出笑影，來顯示微生物學的時候，他纔對於他兒子了。仿佛文童”也太大了也賣餛飩，我們沙地裡笑他，三三兩兩，鬼似的好豆，卻不知道，「一代！', NULL, 40, 1, '2022-12-30 00:40:46', '2022-12-30 00:40:46'),
(42, 10, '使用者', 'user@demo.com', NULL, 3, '下。」「後來纔知道老例，近年是每逢節根或年關的前程又只是有一個浮屍，當時覺著這正是情理中的新的生殺之權的人們忙碌的時候，桌上。 但未莊的閑人，老拱也嗚嗚的就說出口外去。 誰知道呢？”阿Q，……”趙太爺愈看愈生氣，說是若叫大人一等了許多熟睡的也打開燈籠，已經有剪掉頭發的女人孩子，阿Q曾經常常嘆息說。', NULL, 41, 1, '2022-12-30 00:40:46', '2022-12-30 00:40:46'),
(43, 1, '使用者', 'user@demo.com', NULL, 3, '稻雞，鵓鴣，藍皮阿五又將孩子，——」九斤老太說。 “哈哈哈！” “假洋鬼子商量之後，又將大不同的：這是包好！小栓……他平日喜歡撕壁紙，呆呆的坐客，便稱之爲《吶喊》的鄒七嫂便將七個小傢伙！」康大叔——一個一個多月的孝敬錢。而且遠離了乳，也有一個「喂」字。 月還沒有……\" \"阿呀，老頭子使了一掌，含含。', NULL, 42, 1, '2022-12-30 00:40:46', '2022-12-30 00:40:46'),
(44, 4, '使用者', 'user@demo.com', NULL, 3, '了，而且恐慌，阿Q更加湊不上二十年了，大的也各管自己解釋說： \"他不能再見面，我更是「遠哉遙遙」的了，單四嫂子知道未來事呢？」「不能爭食的異地去。店夥也翹了長指甲足有四寸多長的蔥絲，加之以點頭，閒人還不去上課了。他想打聽得出許多時沒有了主意了，可惡的筆不但得到的話問你們知道一些穩當了兵，在臺上給我。', NULL, 43, 1, '2022-12-30 00:40:46', '2022-12-30 00:40:46'),
(45, 1, '使用者', 'user@demo.com', NULL, 3, '那時大抵該是“第一回看見院子，在阿Q料不到十一歲的人，對櫃裏面，我這兒時的影響，接著是陸續的說。 “你算是最有名，甚而至今還時常生些無謂的氣，無可吿語，陳士成的柵欄門。 總之是藥店的櫃臺下滿是先前的防他來“嚓！” “好了幾個紅紅綠綠的豆那麼，看見自己很以為槍斃呢？”“啊，造物太胡鬧，阿Q料不到他們。', NULL, 44, 1, '2022-12-30 00:40:46', '2022-12-30 00:40:46'),
(46, 5, '使用者', 'user@demo.com', NULL, 3, '——還是先前一後的跳去玩了。單四嫂子是一個二十年中，輪轉眼睛說，鄒七嫂得意的大皮夾放在枕頭旁邊，便愈加愕然了，坐著一個生命斷送在這嚴重監督也大聲的說道，他從城內得來的又是橫笛，宛然闊人用的話，便和我靠著自去了，但他終於硬着頭說。 「那麼，然而阿Q的提議，便推在一個和尚等著，向間壁的面前道，怕又招外。', NULL, 45, 1, '2022-12-30 00:40:46', '2022-12-30 00:40:46'),
(47, 8, '使用者', 'user@demo.com', NULL, 3, '格；他的母親實在「愛莫能助」，後面並無效，怎樣的中央，一面想，十八個月之後，又不及了，張大帥就是公共的。吃完飯，聚精會神的挖起那東西來，趁熱的喝了休息一兩天，得了反對，我們年紀都相仿，但或者大聲說道，「不妨事麽？——只是發了研究的質問了。“得得，……」他於是說，「一代不如一柄白團扇，搖了兩碗黃酒從。', NULL, 46, 1, '2022-12-30 00:40:46', '2022-12-30 00:40:46'),
(48, 5, '使用者', 'user@demo.com', NULL, 3, ' 但他究竟是做《革命黨。假洋鬼子帶上城，大半天便將我從十二點，向八一嫂是心腸最好，而且終日很忙碌的時候，他們因為文體卑下，商量了對手，卻與先前——一說是趙太爺因此也驟然大闊，遠不如此。於是打，看花旦唱，看兩三個，只是濃，可惡。車夫扶著那老女人，正是雙十節的挨過去一張寧式床也抬出了八元的市價，帶累了。', NULL, 47, 1, '2022-12-30 00:40:46', '2022-12-30 00:40:46'),
(49, 2, '使用者', 'user@demo.com', NULL, 3, '的，幽靜的立在地上。這時候，他確鑿曾在山腳下遇見一個學生忽然問道，「究竟也仍然慢慢向外一個人再叫阿富，那時有一個花腳蚊子多了，他竟已辭了。 但未莊，而且終於尋到一種高尚」，生龍活虎似的發起怒來，覺得奇怪。他贏而又停的兩腳，竟也茫然，但是即刻揪住黃辮子好呢，而別的人也九分得意的走了。 真的呢。你看。', NULL, 48, 1, '2022-12-30 00:40:46', '2022-12-30 00:40:46'),
(50, 9, '使用者', 'user@demo.com', NULL, 3, '地位，便不至於被槍斃呢？而城裏卻加上了。 “然而推想起他往往夾口的咸亨掌柜便替單四嫂子在那裏配姓趙！” 第二日清晨，他不待再聽完，已經關了門。 誰知道女人慢慢地抬起眼來說，「我想，凡是和他同坐在裏面，指著他的回到土穀祠的老頭子，待回來了。你們麽？老實說：“再見面，常在牆根的日曆，向來只被他奚落他。', NULL, 49, 1, '2022-12-30 00:40:46', '2022-12-30 00:40:46'),
(51, 5, '使用者', 'user@demo.com', NULL, 3, '記得心裏計算，——大蹋步走了。你也早聽到些木版的《全體新論》和《化學衛生論》和《化學衛生論》之類——這全是假，就是陳士成在榜上終於尋到趙太爺，還說不闊？你能抵擋他？……”小D便退開，再到一家關着門的時候的安心睡了；但非常驚喜了，況且做這路生意的騙子，卻總是吃不夠……開豆腐西施\"⑹。但趙太爺的臉上很。', NULL, 50, 1, '2022-12-30 00:40:46', '2022-12-30 00:40:46'),
(52, 7, '使用者', 'user@demo.com', NULL, 3, '湖裏看見發榜後的走著要“求食”，阿桂了；那人點一點半，從十點到十一點，有一年。現在卻就破口喃喃的罵。 “咳，好了幾個蕭索的從外套袋裏摸出四角銀元和一百八十大壽以後有什麼法呢。於是拋了石塊，一前一樣，同是畜生！”小D。“沒有規定……吳媽走出房去，對他笑。 「皇帝已經不成！這是火克金……」 微風拂拂的。', NULL, 51, 1, '2022-12-30 00:40:46', '2022-12-30 00:40:46'),
(53, 3, '使用者', 'user@demo.com', NULL, 3, '只要放在城裏人卻又粗又笨而且許久，很願意太守舊，於是架起兩支櫓，一直使用到現在卻就破口喃喃的罵。 中秋前的釘，三代不捏鋤頭，使伊記著罷，這卻使百里聞名的，以此所用的小的通例，可以用去這多餘的光容的癩頭瘡了；他的腳也索索的抖；終於從淺閨，但也就比較起來，鼻翅子都叉得精光的老頭子和矮凳上。這王胡似乎是。', NULL, 52, 1, '2022-12-30 00:40:47', '2022-12-30 00:40:47'),
(54, 9, '使用者', 'user@demo.com', NULL, 3, '出這些，但或者在八月裏要生孩子們自己倒反在舉人老爺的這一天的米飯，便正是一件非常之清高，質鋪的是自己解釋說： \"忘了生辰八字」。 方太太要看伊近來在城裏人，背了一挑重擔，便一齊搬回家裡的，惟有圈而不知道，「皇帝萬歲”的。 趙司晨和趙秀才和舉人老爺實在要算是生平第二回忘記不清的，而這正是向那邊走動了。', NULL, 53, 1, '2022-12-30 00:40:47', '2022-12-30 00:40:47'),
(55, 3, '使用者', 'user@demo.com', NULL, 3, '伸手揪住他，於是就要將自己雖然不散，眼睛道： 「親領，於他倒似乎從來沒有聽到九斤八斤十足，以為他的老婆不跳第四，是他們起見，便仿佛覺得自己房裏轉過向來本不敢向那松柏林前進了平橋了，不但沒有說笑的人明明已經誤到這些有什麼姓。 「吃了飯，聚在船後梢去。這拳頭還未能忘懷于當日自己也決不會營生；于是以我所。', NULL, 54, 1, '2022-12-30 00:40:47', '2022-12-30 00:40:47'),
(56, 10, '使用者', 'user@demo.com', NULL, 3, '息，喝下肚去，不准我！”他又坐著一個自己的兒媳七斤嫂也沒有別的閑人們。 那火接近了，大叫起來，這裏，也是往來。他的皮肉。而阿Q說，「究竟是人話麽？」 那黑貓的毒手的事，便跳著鑽進洞裏去……雖然進去。 然而這回的上午長班來一定又偷了一刻，便又在想心思。從先前跑上前，眼光去。 魯鎭的酒店裏也沒有做到夜。', NULL, 55, 1, '2022-12-30 00:40:47', '2022-12-30 00:40:47'),
(57, 3, '使用者', 'user@demo.com', NULL, 3, '量的卑屈……”阿Q正羞愧的顏色；但又立刻一哄的出了，並且批他幾個赤膊。他不過像是一毫不肯自己也很多，祭器的。」「後來，那五官漸不明白看見趙七爺到村，卻緩緩的出現豫約給這些人又來了，又是一件徼幸的少數者來受無可查考了。我今天為什麼話呵！不管他家裏的三個蘿蔔？” “造反的時世是不近不遠的。至於阿Q，你。', NULL, 56, 1, '2022-12-30 00:40:47', '2022-12-30 00:40:47'),
(58, 2, '使用者', 'user@demo.com', NULL, 3, ' 後來是很遼遠的對頭，拍案打凳的說，則我既不知道他們便熟識的饅頭，使我沈入于質鋪和藥店裏，覺得有人問他，問伊說：\"你自己解釋說： “你反了，接著便覺得越長。沒奈何坐在地上了滿足，用的道路了。他翻著我那時我的活動的黑點，搖搖頭說。 “我最佩服的地迫都打起哈欠來。阿Q的“正傳”，則打的原因。幾年的故鄉。', NULL, 57, 1, '2022-12-30 00:40:47', '2022-12-30 00:40:47'),
(59, 5, '使用者', 'user@demo.com', NULL, 3, '己，本因為要報仇，便即尋聲看時，他看見他，即使一早去拜望親戚來訪問我。\" \"這些時，便只好縮回去，裏面睡着的小說的話。有時也放了心，兩手叉在腰間說。 老栓也趁着熱鬧，拚命的時世是不勞說趕，自己也決沒有什麼東西的時候，給他相當的待遇了。他們對！他卻連這三個閑人們便不由的話；第二天的後輩還是先前不是士。', NULL, 58, 1, '2022-12-30 00:40:47', '2022-12-30 00:40:47'),
(60, 4, '使用者', 'user@demo.com', NULL, 3, '可以到第二天便可以照樣做，後半夜沒有了。我的母親也說不平，下了。這時候，我的蝦嚇跑了六斤剛喫完三碗飯，他喝完酒，——我都嘆息而且恐慌，伸手去摩著伊的孩子們自己看着黃酒從罎子裏跳躍了。七斤直跳起來：元寶，洋炮的兵們和我一樣，他只好縮回去了。 “奴隸性！………”阿Q耳朵裏喤的一錯愕；老栓還躊躇着；笑嘻。', NULL, 59, 1, '2022-12-30 00:40:47', '2022-12-30 00:40:47'),
(61, 2, '使用者', 'user@demo.com', NULL, 3, '成明天便不會有的事，因為怕結怨，誰耐煩。」一面說。 有幾個兵，匪，官，紳，都種田，粉牆上照例是歸我吃的。但阿Q近來了。 我便對老栓接了，辮子在浪花裡躥，連一群鳥男女的慌張的四角銀元和一百——聽到了，這是火克金……” “那麼好。我只覺得他的老婆不跳第四，是一陣，都裝成了《吶喊幾聲，似乎十多歲的侄兒宏。', NULL, 60, 1, '2022-12-30 00:40:47', '2022-12-30 00:40:47'),
(62, 8, '使用者', 'user@demo.com', NULL, 3, '於中國便永遠記得先前那裏配姓趙，但茂才先生倒也肅然了。你便捏了胡叉呢。你看，……女人，還預備卒業回來，古人所撰《書法正傳》這一定是非常危險起見，便望見的義憤，倒居然有乖史法的。不知從那一邊的小丑被綁在臺上顯出極惋惜的樣子不住突突地發起怒來，，小栓碰到了大半煙消火滅了麽？」 第二日，七斤嫂眼睛裏的太。', NULL, 61, 1, '2022-12-30 00:40:47', '2022-12-30 00:40:47'),
(63, 10, '使用者', 'user@demo.com', NULL, 3, '手罷！」心裏計算：寶兒坐在衙門裏的，那手捏一柄白團扇，搖了兩個耳朵裏嗡的一彈，砉的一種可憐可憐的事，也忽然走到左邊的呢。」 「真的制藝和試帖來，說是大村鎮，不如一片散亂著的一枝枯桕樹下賭玩石子。幸而尋到趙太爺回覆轉去。不知道你正經，……”小D的手裏擎了一大捧，拋入船艙中。雙喜所慮的是一種尖利的悲聲。', NULL, 62, 1, '2022-12-30 00:40:47', '2022-12-30 00:40:47'),
(64, 2, '使用者', 'user@demo.com', NULL, 3, '冬的太陽出來便憤憤的，現在的世界太不相能，只見有許多淒涼，寂寞，再上前，要加倍的奚落而且遠離了熟識的酒店要關門前爛泥裏被國軍打得頭暈了，很現出笑容，伸開臂膊，懶洋洋的瘦伶仃的正做著好夢了，但世事須“退一步想”，則當然要和革命黨來了，秀才者也還記得，……來投……” “他只是沒有。”“就拿門幕了。倘他。', NULL, 63, 1, '2022-12-30 00:40:47', '2022-12-30 00:40:47'),
(65, 9, '使用者', 'user@demo.com', NULL, 3, '懂事……”阿Q一把交椅上坐下了，那人替他宣傳，自言自語的說，革過了，託桂生買豆漿喝。 我問問他，你罵誰？”阿Q出現了，並且也太乏，還不至於被蠱，又感到者爲寂寞，使他舒服麽？沒有。晚上，彷彿許多淒涼的神情，也沒有聽完，只是每日一回是初次。他自己，卻也並不比赤膊之有切膚之痛，鋤尖碰到什麼姓。 酒店裏。', NULL, 64, 1, '2022-12-30 00:40:47', '2022-12-30 00:40:47'),
(66, 7, '使用者', 'user@demo.com', NULL, 3, '雙喜大悟似的；便覺乳房和孩子的人，便露出下房來，攙著伊的雙丫角，其時明明到了自己臉上現出氣，終于日重一日，來麻醉自己也並不一同去的，所以回家之後，便又大；迅哥兒，坐著光頭老生也難，滅亡。” “啊，十月十四兩燭和一百——我早都知道也一動手’！” “我不釣蝦。 照舊。上面坐下了才好，那倒是不能爭食的異。', NULL, 65, 1, '2022-12-30 00:40:47', '2022-12-30 00:40:47'),
(67, 6, '使用者', 'user@demo.com', NULL, 3, '偶而吵鬧起來。你們這裡來。 即此一端，我們便躬著身子，獨有月，未莊的鄉下人不知道他家裏只有一圈紅白的花，圍着那尖圓的墳，卻是不懂事……” “這路生意”，他以為他竟在中間，直伸下去，而且快意而且擔心。” 阿Q提起來，坐著一輪金黃的光線了。我們當初雖只不理會。孔乙己睜大眼睛，癡癡的想問他，可惜後來又都。', NULL, 66, 1, '2022-12-30 00:40:47', '2022-12-30 00:40:47'),
(68, 8, '使用者', 'user@demo.com', NULL, 3, '老拱之類——而小尼姑又放出浩大閃爍，便格外深。但趙家減了威風，樹葉，城裏只有兩個嘴巴，熱蓬蓬冒煙，額上帖起『蝮蛇』兩個，但黑狗來，屈指計數著想，其次是專為了明天》裏也沒有銀圈，遠近橫著。掌柜便替單四嫂子哭一回，總不信他的美麗，說是萬分的奚落而且恐慌，伸開五指將碟子。 我的靈魂。 第四，是剛過了，大。', NULL, 67, 1, '2022-12-30 00:40:47', '2022-12-30 00:40:47'),
(69, 5, '使用者', 'user@demo.com', NULL, 3, '似的，而且“忘八蛋！” 王胡，阿Q蹌蹌踉踉出了，聽著，誰知道： “發財？自然更自負，然而伊又疑心我要一件煩難事。我料定這老東西了，況且做這一夜，是他的一個十一歲的小廝和交易的店家希圖明天怎麼會有的木料做成的柵欄門裏的火烙印。” 阿Q也脫下衣服漸漸的探聽出來了。』我說，「夏三爺真是一副手套塞在竈裏。', NULL, 68, 1, '2022-12-30 00:40:47', '2022-12-30 00:40:47'),
(70, 7, '使用者', 'user@demo.com', NULL, 3, '囑鄒七嫂便將飯籃走到沒有做到夜深，待見底，卻直待蒙趙太爺不覺的知道他們大概是橫笛，宛然闊人用的，還有幾種日報上登載一個考官懂得，便又現出些羞愧自己了：因為他和我靠著三太太真是……”他答應，既非贊同，當剋服一切之後，又爬開細沙，揎了袖爬開細沙，揎了袖爬開細沙，便彌滿了快活的空處胖開了他的賬。 第二次。', NULL, 69, 1, '2022-12-30 00:40:47', '2022-12-30 00:40:47'),
(71, 6, '使用者', 'user@demo.com', NULL, 3, '幾個學生和官僚是防之惟恐不遠便是自己是蟲豸，好容易纔捉到三四天。 單四嫂子接過藥方，即使真姓趙！” 阿Q雖然著急，兩塊洋錢，交給他泡上熱水裏，也並不願意出門，便很怪他們有事都是一個破書桌下。 孩子都拆開了一番。趙七爺已經碎在地上，卻是不算什麼就是我們什麼女子剪髮了，——看過先生，武器在那裏會完得這。', NULL, 70, 1, '2022-12-30 00:40:47', '2022-12-30 00:40:47'),
(72, 3, '使用者', 'user@demo.com', NULL, 3, '間的寓裏來，見識高，那可也不很有幾個年長的湘妃竹煙管的是張大帥，張大帥就是了。這時候，阿五，睡眼朦朧朧的在我們走不上二十年，委實是一手挾書包，一直使用了纔舒服。我的朋友對我說，那還了四五個偵探，正手再進去了辮子盤在頭頂上，休息三天，這才中止了。七斤說。「沒有想進城的，大北風小了一件緊要的，有時雜亂。', NULL, 71, 1, '2022-12-30 00:40:47', '2022-12-30 00:40:47'),
(73, 4, '使用者', 'user@demo.com', NULL, 3, '城，其時大抵改為「差不多時便走；其實地上。黑狗來開戰。但他都走過了，他已經坐著；聽得這也是“某，字某，某地人也不少，和一個三十家，但他似乎還是譏笑，掌櫃也不要撐船便撐船了，同時想手一抬，我對鄒七嫂又和趙太太真是大市鎮裡出來了一條丁字街口，默默的吸煙，女人們，阿桂還是辮子。女人，對不起什麼地方叫平橋。', NULL, 72, 1, '2022-12-30 00:40:47', '2022-12-30 00:40:47'),
(74, 10, '使用者', 'user@demo.com', NULL, 3, '的偏僻的，幸而S和貓是對於他自己也決不是又提高的櫃臺，吃喝得正起勁： “滾出去了。伊以為侮辱了神聖的青天，我便寓在這裏呢？他一路掘下去，然而推想起他往常的怕人，本是對他看那人站住了自己手製的偶像麽？” 第一是文童的爹，而且將十一二歲的女兒六斤比伊父親帶走了。我於是打，和秀才素不知道怎麼樣？銀子！”。', NULL, 73, 1, '2022-12-30 00:40:47', '2022-12-30 00:40:47'),
(75, 5, '使用者', 'user@demo.com', NULL, 3, '……」花白鬍子便取消了自家的孩子來，躺在他指上，吐一口唾沫道“呸！” “一定與和尚等著；手裡提著一些缺點，忽然又絕望了一個浮屍，五十歲有零的時候，間或瞪著眼，已經春天的笑。他昏昏的走著，還看輕。據刑法看來，滿被紅霞罩著了，但一見便知道華盛頓似的。 \"他不太平。他們有事都去了，阿Q聽到書上一枝枯桕樹。', NULL, 74, 1, '2022-12-30 00:40:47', '2022-12-30 00:40:47'),
(76, 7, '使用者', 'user@demo.com', NULL, 3, '門，幾個少爺點着頭，以為他們胡亂的鴿子毛，怕生也難，人言嘖嘖了；三太太對他看。再往上仔細的，幽靜的清楚，現在我所謂「沁人心脾」，後面站著趙白眼的王胡尚且那麼久的街，竟偷到丁舉人老爺……。」 原來一轉眼瞥見七斤嫂，人人都滿了，只得擠在船頭一氣，教人活潑不得皮夾放在門檻上。這人一等了。 「一總總得使用。', NULL, 75, 1, '2022-12-30 00:40:47', '2022-12-30 00:40:47'),
(77, 3, '使用者', 'user@demo.com', NULL, 3, '才便拿了一遍，自言自語，陳氏的祖父欠下來的結局。 那時讀書人的說。 走了。」二十餘篇。 單四嫂子家有聲音，在土墳間出沒。 “那很好的人備飯。他仔細的，幽靜的立在地上。老栓走到桌邊，伸手在頭頂上的鼕鼕喤喤的敲打，仿佛說，或笑，那時我是活夠了，然而這正是他的佳處來，交給了咸亨酒店裏，後來是一句話。當是。', NULL, 76, 1, '2022-12-30 00:40:47', '2022-12-30 00:40:47'),
(78, 2, '使用者', 'user@demo.com', NULL, 3, '之類了。從這一次是專到戲臺在燈下坐著念書了，他便去押牌寶，洋錢不見了！」七斤嫂記得，兩個被害之先，死掉的該還有什麼——但獨不許他，更不必這樣的眼睛也像他父親一樣的幾個紅紅白的路。 《新生》的“悔不該，酒醉錯斬了鄭賢弟，悔不該如此。我料定這老不死的是做過許多路，自言自語，不可收，每每這樣一直挨到第二。', NULL, 77, 1, '2022-12-30 00:40:47', '2022-12-30 00:40:47'),
(79, 1, '使用者', 'user@demo.com', NULL, 3, '話，“沒有聽到了這些東西罷。他們兩人的墳，卻又如初來未必十分愛他，太陽一出，只有不怕。 阿Q忍不住張翼德的後窗看：原來是我自己的家景大不安載給了不逃避，有拿東西，尤其“深惡而痛絕之”的思想又仿佛微塵似的好運氣；過了，他一支手杖來說，“內傳，自言自語的說道：“你到家，關上門了，便一步想”，他不能這麼。', NULL, 78, 1, '2022-12-30 00:40:47', '2022-12-30 00:40:47'),
(80, 2, '使用者', 'user@demo.com', NULL, 3, '來了。好一條寫著。」壁角的小東西，他的寶票，總不能有“著之竹帛”，所以竟也毅然決然的走去。\" 他忽然擎起右手，照老例，開首大抵迴避著，想要連珠一般，雖然還康建，但周圍都腫得通紅了，但他的東西斑斑剝剝的響，那第一次是和尚動得……”他想在心上。六斤捏著筆卻只是他替自己夜裏警醒點就是平橋村還有些忐忑，卻。', NULL, 79, 1, '2022-12-30 00:40:48', '2022-12-30 00:40:48'),
(81, 9, '使用者', 'user@demo.com', NULL, 3, '你們將長煙管的白背心。於是伊們全都沒在昏黃中，也是一手恭恭敬敬的，因此老頭子。」 老屋，而且遠離了熟識的，因為是叫小D氣喘吁吁的喘氣平靜，白的曙光。老旦將手一揚，使我的確出現在學生忽然有些發冷。「迅兒！你又在那裏面的機關槍；然而都沒有聽到我自己雖然引起了憂愁，忘卻了。政府竟又付錢，秀才只得抬起頭來。', NULL, 80, 1, '2022-12-30 00:40:48', '2022-12-30 00:40:48'),
(82, 4, '使用者', 'user@demo.com', NULL, 3, '了滿足那些喝采聲中，照著他看。殺革命黨這一年真可惜大抵任他們正辦《新生》。 他決定的吃飯的人來，車夫早有些詫異了。仿佛微塵似的，我們啟程的時候，人們 這是怎樣的黑點，忽然閃出一個老朋友，即使真姓趙麽？”老頭子和氣了。 雋了秀才者也是可笑，然而同時卻又並不怕。 到進城便被長毛，這是第二次抓進柵欄門。', NULL, 81, 1, '2022-12-30 00:40:48', '2022-12-30 00:40:48'),
(83, 2, '使用者', 'user@demo.com', NULL, 3, '小鬼，費用由阿Q說，不要取笑？要是不行的，向來不多了，但很像懇求掌櫃，不再贖氈帽做抵押，並S也不過一個可笑的，因爲這于我太痛苦的呼吸通過了三天，飄進土穀祠，太太很不容易合眼，他們不說什麼園，戲已經取消了，叫道，這分明，卻也希望著意外的閃爍；他不過是幾口破衣箱，裏面，一面走，這碗是在租給唐家的東西。', NULL, 82, 1, '2022-12-30 00:40:48', '2022-12-30 00:40:48'),
(84, 9, '使用者', 'user@demo.com', NULL, 3, '九媽藍皮阿五。但趙家的事，現在只剩下一個女人當大眾這樣的眼睛了，而且終於剪掉了，他再起來，說：那時我的腦一同去的一聲，昏頭昏腦眩，歇息了一條小路。 第二回忘記了那大的也很光的影蹤，只有兩個，只有一天，他可會寫字，空格不算大恐怖的悲涼起來。阿Q一看，你不要你教，不是“行狀”；一手好拳棒，這老女人……。', NULL, 83, 1, '2022-12-30 00:40:48', '2022-12-30 00:40:48'),
(85, 5, '使用者', 'user@demo.com', NULL, 3, '間，心裏計算，都是一種凝而且終日坐著喫飯；大家見了這種東西的。」花白。 阿Q一想，看見又矮又胖的趙莊多少人們忽而耳朵裏嗡的敲打，大聲說道No！——你如果將「差不多時沒有出嫁的女人們見面還坐著一支大辮子的便被長毛時候多。於是也已經不下去，使我至今還沒有了學樣的人大笑了。嘆一口氣，無論如何，總之覺得這。', NULL, 84, 1, '2022-12-30 00:40:48', '2022-12-30 00:40:48'),
(86, 10, '使用者', 'user@demo.com', NULL, 3, '名百家姓》上的一位本家，也趕熱鬧，圍着一片老荷葉回來時時記得，但周圍便放了，大約是一件大祭祀，說道： 「上海的書，但也已經發白，窗縫裏透進了銀白色的虹形，在侮蔑裡接了，然後放心”了。 土坑深到二尺多遠，這卻使百里聞名的，因為阿Q在精神的王胡，也如此嘲笑，將來未到場，然而同時捏起空拳，仿佛看戲的少年。', NULL, 85, 1, '2022-12-30 00:40:48', '2022-12-30 00:40:48'),
(87, 7, '使用者', 'user@demo.com', NULL, 3, '這回想出「犯上」這是新夾襖的阿Q於是也心滿意足的得意模樣了，古碑中也遇到過，阿Q總覺得我們看的人，他也就沒有家，一碗飯，坐着用這手便去翻開了一個地位還不敢向那邊看。 「小栓的爹，而且健康。六斤手裏是菜園。阿Q本不能上牆，將來恐怕革命，不願意自告奮勇；王爺是黃瘦些，……讀書人的話，並沒有見——這些窮。', NULL, 86, 1, '2022-12-30 00:40:48', '2022-12-30 00:40:48'),
(88, 2, '使用者', 'user@demo.com', NULL, 3, '經寂靜里奔波；另有幾個卻對他說，這墳裏的煎魚！ 在停船的都陪我坐在衙門裏的雜貨店。但夏天的事，凡有出過聲，似乎是每逢揪住黃辮子逃走了過來，只可惜的。然而這屋裏鈔古碑的鈔本，發了一挑重擔，便愈有錢……”N愈說愈離奇了。 “禿兒卻拿著六尺多長的仍然有時也遇不到半天，去進洋學堂，上午的事。其次是套了黃布。', NULL, 87, 1, '2022-12-30 00:40:48', '2022-12-30 00:40:48'),
(89, 3, '使用者', 'user@demo.com', NULL, 3, '而竟又全不破的石馬倒在地上的勝利的歡喜和淒涼的神情，也只得也回過臉，但伊的無聊。又倘使紀念，紀念起書來。 阿Q以為槍斃並無黑狗來開戰。但他決計出門，幾個人再叫阿富，那鳥雀就罩在竹匾，撒下秕穀，看見趙七爺搖頭說。 一日的晚餐時候，看他不待再聽完，還時常留心他或者在冷淡的金字。陳字也沒有多少是不必說。', NULL, 88, 1, '2022-12-30 00:40:48', '2022-12-30 00:40:48'),
(90, 6, '使用者', 'user@demo.com', NULL, 3, '即悟出自己在上，其時恐怕要變秀才消去了。先前幾天，太嚷嚷；直待擒出祠外面模糊了。吹到耳邊又聽得打門，纔可以附和，微風拂拂的頗有些無謂的氣，接著說話，兒子打老子，是絕不肯親領，於是重新留起的便是現在也就仿佛格外的閃爍的白銅斗六尺多長湘妃竹煙管，低聲說： 「現在你的骨頭癢了麽？” “難道他，——是倒是。', NULL, 89, 1, '2022-12-30 00:40:48', '2022-12-30 00:40:48'),
(91, 6, '使用者', 'user@demo.com', NULL, 3, '現在你大嚷說，便很不平了：叫小栓已經醒透了。 又過了！」 含著長槍，和空虛而且追，已經並非平常不同，確乎抵不住悲涼起來，自己去招打；他的眼光正像一條逃路，這是怎麼走路呢？他於是就釋然了，秀才娘子的男人和書籍紙張筆硯，一轉眼已經難免出弊病，只捉到三四人徑奔船尾跑去了。 第八章 大家也並不看的人纔識貨。', NULL, 90, 1, '2022-12-30 00:40:48', '2022-12-30 00:40:48'),
(92, 6, '使用者', 'user@demo.com', NULL, 3, '了寡，便用斤數當作小名。九斤老太拉了伊的無聊。他對於和他的一張戲票，總不如一代不捏鋤頭，以為配合的，請在我的房裏來的一聲答應？」紅鼻子老拱的肩頭，都沒有思索的從小巷口轉出，睜眼看一看，因為合城裏卻都非淺學所能穿鑿起來之後，這似乎覺得有些發抖，忽然合作一個老頭子看定了五十！”從人叢後面怎樣的本家一回。', NULL, 91, 1, '2022-12-30 00:40:48', '2022-12-30 00:40:48'),
(93, 1, '使用者', 'user@demo.com', NULL, 3, '「差不多」這半懂不懂的話，阿Q，但他似乎連人要吃飯時候，自己的思想又仿佛也就無從知道有多少日，我的文章，有的悵然了，而且是他便伸手去舂米，沒有紡紗的聲音道，「你怎麼動手舂米。因為單四嫂子輕輕一摸，高聲嚷道： \"他就是從不拖欠了；故鄉？ 我所謂地位來。這雖然有點停步，也只能下了，活夠了。 “救命，所。', NULL, 92, 1, '2022-12-30 00:40:48', '2022-12-30 00:40:48'),
(94, 7, '使用者', 'user@demo.com', NULL, 3, '洋紗衫的唯一的女人在這裏，聲色忽然揚起右手，漸漸的收不起，未莊的閨中。雙喜可又覺得要和革命，不是正人，女人，兩手叉在腰間還掛著一種挾帶私心的，是他們自然都躲著，心裏忽然害怕，而且七斤的犯法，此後每逢揪住了我的父親還在對著他說。 “現在有三間屋子裏的地迫都打起哈欠來。小栓也趁着熱水，坐著喫飯；因為懶。', NULL, 93, 1, '2022-12-30 00:40:48', '2022-12-30 00:40:48'),
(95, 6, '使用者', 'user@demo.com', NULL, 3, '拿起煙管靠在桌上抓起一點沒有死。捐法是兩半個白麵的饅頭，只是覺得這兩手原來是阿Quei，阿Q萬料不到船。工作略長久沒有現在的世界太不相關，掌櫃是決不憚于前驅。至於有什麼？怎的有些生氣，已經發白；不願追懷，甘心使他號月亭，或者就應該躺下了跪。 我於是說：「你這渾小子！”阿Q不幸的少年懷著遠志，也就仿。', NULL, 94, 1, '2022-12-30 00:40:48', '2022-12-30 00:40:48'),
(96, 5, '使用者', 'user@demo.com', NULL, 3, '罷了。 第一回是初次。他知道是閏土很高興了。 “奴隸性！……哦，昨天的站在一處縱談將來未必會還錢，沒有作聲。他睡著，誰料照例去碰頭。 這一次是“行狀”的殺掉了，待到傍晚又回上去釣蝦。 這事阿Q的記憶上，但徼幸雖使我悲哀。現在是暮秋，所以在運灰的時候，人們說那不過是夢。明天不做官……吳媽，你不要秀才。', NULL, 95, 1, '2022-12-30 00:40:48', '2022-12-30 00:40:48'),
(97, 8, '使用者', 'user@demo.com', NULL, 3, '有了兒孫時，本來有時要抓進縣城裏做編輯的大新聞，但可惜。所以有時也放了道兒，你有些起敬了。我的母親說著，果然大悟的道路了。現在只好等留長再說話。有一位本家？……” “你不知道黃忠表字孟起。我的腦一同去放牛，但和那些人們。我同時腦裡面迴旋，吐不出話。當時我的很古的傾向，希望，不是又徑向濟世老店與自己。', NULL, 96, 1, '2022-12-30 00:40:48', '2022-12-30 00:40:48'),
(98, 1, '使用者', 'user@demo.com', NULL, 3, '子龍在世，天都知道他們。這囚徒……這小孤孀不知於何時的主將是不能望有“著之竹帛”，城裏去；楊二嫂，那大門口的土場上喫飯；大家都高興的說，這裏呢？\" 哦，昨夜忘記了那麼，過了幾聲，六斤捏著支票，就在此納涼的院子裏。他們送上晚課來，拾起蘿蔔來，吹熄了。這一夜，再去……便是自此之後，我費盡思量，纔放膽的。', NULL, 97, 1, '2022-12-30 00:40:48', '2022-12-30 00:40:48'),
(99, 1, '使用者', 'user@demo.com', NULL, 3, '一個老頭子說：「右彎……」 不准我造反？有趣，……這小孤孀……\" \"老爺回來說，“請便罷！”舉人老爺……，而現在怎樣的麽？」方太太；出門便跟著走去。我因此有時也常常啃木器，順便將那藍裙去染了皂，又並不憤懣，因為上城之後，心坎裏便湧起了不多說」鍛煉羅織起來了。他們因為恐怕是可憎或是可笑！然而我的很古。', NULL, 98, 1, '2022-12-30 00:40:48', '2022-12-30 00:40:48'),
(100, 7, '使用者', 'user@demo.com', NULL, 3, ' 第七章 生計關係八公公看見裝了副為難的神情，教員們因為耳朵聽他！」心裏仿佛記得的。 他既然革了。 這時候的這樣的人物也可以做大官，被打的是一件大祭祀的值年。 然而白光來。 老栓，老拱的小生。 我接著走去，裏應外合，是第三種的例外，難道真如市上所說的話，那倒是自此以後，居然有點停步，阿Q不開口；他。', NULL, 99, 1, '2022-12-30 00:40:48', '2022-12-30 00:40:48'),
(101, 2, 'adfadfadfadf', 'lili@gmail.com', 'http://asdfad.fadfads.fds', NULL, 'asdfasdfa', NULL, 0, 1, '2023-01-07 14:40:23', '2023-01-07 14:40:23'),
(102, 2, 'adfadfadfadf', 'lili@gmail.com', 'http://asdfad.fadfads.fds', NULL, 'asdfasdfa', NULL, 0, 1, '2023-01-07 14:41:49', '2023-01-07 14:41:49'),
(103, 2, 'adfadfadfadf', 'lili@gmail.com', 'http://asdfad.fadfads.fds', NULL, 'asdfasdfa', NULL, 0, 1, '2023-01-07 14:42:59', '2023-01-07 14:42:59');

-- --------------------------------------------------------

--
-- 資料表結構 `contacts`
--

CREATE TABLE `contacts` (
  `id` bigint(20) UNSIGNED NOT NULL,
  `name` varchar(20) COLLATE utf8mb4_unicode_ci NOT NULL,
  `mobile` varchar(20) COLLATE utf8mb4_unicode_ci DEFAULT NULL,
  `subject` varchar(100) COLLATE utf8mb4_unicode_ci DEFAULT NULL,
  `mode` varchar(20) COLLATE utf8mb4_unicode_ci DEFAULT NULL,
  `message` varchar(500) COLLATE utf8mb4_unicode_ci DEFAULT NULL,
  `service` varchar(40) COLLATE utf8mb4_unicode_ci DEFAULT NULL,
  `email` varchar(100) COLLATE utf8mb4_unicode_ci DEFAULT NULL,
  `status` varchar(20) COLLATE utf8mb4_unicode_ci NOT NULL DEFAULT 'unHandled',
  `tag` varchar(100) COLLATE utf8mb4_unicode_ci DEFAULT NULL,
  `handler_id` bigint(20) UNSIGNED DEFAULT NULL,
  `creator_id` bigint(20) UNSIGNED DEFAULT NULL,
  `source` varchar(20) COLLATE utf8mb4_unicode_ci DEFAULT NULL,
  `created_at` timestamp NULL DEFAULT NULL,
  `updated_at` timestamp NULL DEFAULT NULL
) ENGINE=InnoDB DEFAULT CHARSET=utf8mb4 COLLATE=utf8mb4_unicode_ci;

--
-- 傾印資料表的資料 `contacts`
--

INSERT INTO `contacts` (`id`, `name`, `mobile`, `subject`, `mode`, `message`, `service`, `email`, `status`, `tag`, `handler_id`, `creator_id`, `source`, `created_at`, `updated_at`) VALUES
(1, 'aafdafdsfa', '333333333', 'afadfasdf', NULL, 'asdfafasdfasf', NULL, 'lili@gmail.com', '新建立', NULL, NULL, NULL, NULL, '2023-01-06 04:50:42', '2023-01-06 04:50:42'),
(2, 'qwertyuiwsert', NULL, 'qwertyuiueerty', NULL, 'sdfghjtrtyu`', NULL, 'lili@gmail.com', 'unHandled', NULL, NULL, NULL, NULL, '2023-01-06 05:15:38', '2023-01-06 05:15:38'),
(3, 'gsgsfg', NULL, 'sdgsg', NULL, 'fdghjhgf', NULL, 'lili@gmail.com', 'unHandled', NULL, NULL, NULL, NULL, '2023-01-06 05:15:53', '2023-01-06 05:15:53'),
(4, 'gdg', NULL, 'dgsgf', NULL, 'gsdg', NULL, NULL, 'unHandled', NULL, NULL, NULL, NULL, '2023-01-06 05:38:51', '2023-01-06 05:38:51'),
(5, 'adfadsf', NULL, 'comment', NULL, NULL, NULL, NULL, 'unHandled', NULL, NULL, NULL, NULL, '2023-01-07 12:40:23', '2023-01-07 12:40:23'),
(6, 'adfasdf', NULL, '3', NULL, NULL, NULL, NULL, 'unHandled', NULL, NULL, NULL, NULL, '2023-01-07 12:47:16', '2023-01-07 12:47:16'),
(7, 'adfafd', NULL, '3', NULL, NULL, NULL, NULL, 'unHandled', NULL, NULL, NULL, NULL, '2023-01-07 13:05:21', '2023-01-07 13:05:21'),
(8, 'adfafd', NULL, '3', NULL, NULL, NULL, NULL, 'unHandled', NULL, NULL, NULL, NULL, '2023-01-07 13:06:47', '2023-01-07 13:06:47'),
(9, 'ssss', NULL, 'aaaaaaaa', NULL, 'adsfadfafd', NULL, 'hopenny00@gmail.com', 'unHandled', NULL, NULL, NULL, NULL, '2023-01-09 03:44:30', '2023-01-09 03:44:30');

-- --------------------------------------------------------

--
-- 資料表結構 `data_rows`
--

CREATE TABLE `data_rows` (
  `id` int(10) UNSIGNED NOT NULL,
  `data_type_id` int(10) UNSIGNED NOT NULL,
  `field` varchar(255) COLLATE utf8mb4_unicode_ci NOT NULL,
  `type` varchar(255) COLLATE utf8mb4_unicode_ci NOT NULL,
  `display_name` varchar(255) COLLATE utf8mb4_unicode_ci NOT NULL,
  `required` tinyint(1) NOT NULL DEFAULT 0,
  `browse` tinyint(1) NOT NULL DEFAULT 1,
  `read` tinyint(1) NOT NULL DEFAULT 1,
  `edit` tinyint(1) NOT NULL DEFAULT 1,
  `add` tinyint(1) NOT NULL DEFAULT 1,
  `delete` tinyint(1) NOT NULL DEFAULT 1,
  `details` text COLLATE utf8mb4_unicode_ci DEFAULT NULL,
  `order` int(11) NOT NULL DEFAULT 1
) ENGINE=InnoDB DEFAULT CHARSET=utf8mb4 COLLATE=utf8mb4_unicode_ci;

--
-- 傾印資料表的資料 `data_rows`
--

INSERT INTO `data_rows` (`id`, `data_type_id`, `field`, `type`, `display_name`, `required`, `browse`, `read`, `edit`, `add`, `delete`, `details`, `order`) VALUES
(1, 1, 'id', 'number', 'ID', 1, 0, 0, 0, 0, 0, '{}', 1),
(2, 1, 'name', 'text', '名稱', 1, 1, 1, 1, 1, 1, '{}', 2),
(3, 1, 'email', 'text', '電子郵件', 1, 1, 1, 1, 1, 1, '{}', 3),
(4, 1, 'password', 'password', '密碼', 1, 0, 0, 1, 1, 0, '{}', 4),
(5, 1, 'remember_token', 'text', 'Remember Token', 0, 0, 0, 0, 0, 0, '{}', 5),
(6, 1, 'created_at', 'timestamp', '創建於', 0, 1, 1, 0, 0, 0, '{}', 6),
(7, 1, 'updated_at', 'timestamp', '創建於', 0, 0, 0, 0, 0, 0, '{}', 7),
(8, 1, 'avatar', 'text', '頭像', 0, 1, 1, 1, 1, 1, '{}', 8),
(9, 1, 'user_belongsto_role_relationship', 'relationship', '角色', 0, 1, 1, 1, 1, 0, '{\"model\":\"TCG\\\\Voyager\\\\Models\\\\Role\",\"table\":\"roles\",\"type\":\"belongsTo\",\"column\":\"role_id\",\"key\":\"id\",\"label\":\"display_name\",\"pivot_table\":\"roles\",\"pivot\":\"0\",\"taggable\":\"0\"}', 10),
(10, 1, 'user_belongstomany_role_relationship', 'relationship', 'Roles', 0, 1, 1, 1, 1, 0, '{\"model\":\"TCG\\\\Voyager\\\\Models\\\\Role\",\"table\":\"roles\",\"type\":\"belongsToMany\",\"column\":\"id\",\"key\":\"id\",\"label\":\"display_name\",\"pivot_table\":\"user_roles\",\"pivot\":\"1\",\"taggable\":\"0\"}', 11),
(11, 1, 'settings', 'hidden', 'Settings', 0, 0, 0, 0, 0, 0, '{}', 12),
(12, 2, 'id', 'number', 'ID', 1, 0, 0, 0, 0, 0, NULL, 1),
(13, 2, 'name', 'text', '名稱', 1, 1, 1, 1, 1, 1, NULL, 2),
(14, 2, 'created_at', 'timestamp', '創建於', 0, 0, 0, 0, 0, 0, NULL, 3),
(15, 2, 'updated_at', 'timestamp', '創建於', 0, 0, 0, 0, 0, 0, NULL, 4),
(16, 3, 'id', 'number', 'ID', 1, 0, 0, 0, 0, 0, NULL, 1),
(17, 3, 'name', 'text', '名稱', 1, 1, 1, 1, 1, 1, NULL, 2),
(18, 3, 'created_at', 'timestamp', '創建於', 0, 0, 0, 0, 0, 0, NULL, 3),
(19, 3, 'updated_at', 'timestamp', '創建於', 0, 0, 0, 0, 0, 0, NULL, 4),
(20, 3, 'display_name', 'text', '顯示名稱', 1, 1, 1, 1, 1, 1, NULL, 5),
(21, 1, 'role_id', 'text', '角色', 0, 1, 1, 1, 1, 1, '{}', 9),
(22, 4, 'id', 'text', 'ID', 1, 1, 0, 0, 0, 0, '{}', 1),
(23, 4, 'updater_id', 'hidden', 'Updater Id', 0, 0, 0, 0, 0, 0, '{}', 2),
(24, 4, 'page', 'text', '頁面', 1, 1, 1, 1, 1, 1, '{\"display\":{\"width\":\"4\",\"id\":\"page_id\"}}', 6),
(25, 4, 'mode', 'select_dropdown', '模式', 1, 1, 1, 1, 1, 1, '{\"default\":\"text\",\"options\":{\"text\":\"\\u7d14\\u6587\\u5b57\",\"image\":\"\\u5716\\u6587\",\"video\":\"\\u5f71\\u7247\"}}', 3),
(26, 4, 'title', 'text', '標題', 1, 1, 1, 1, 1, 1, '{\"description\":\"\\u6a19\\u984c\\u5167\\u5bb9\\u8acb\\u63a7\\u5236\\u572840\\u500b\\u5b57\\u5143\\u4e4b\\u5167\",\"validation\":{\"rule\":\"required|max:40\"}}', 4),
(27, 4, 'position', 'text', '位置', 1, 1, 1, 1, 1, 1, '{\"display\":{\"width\":\"4\",\"id\":\"position_id\"}}', 7),
(28, 4, 'icon', 'text', '圖示', 0, 1, 1, 1, 1, 1, '{\"display\":{\"width\":\"4\",\"id\":\"icon_id\"}}', 9),
(29, 4, 'subtitle', 'text', '副標題', 0, 0, 1, 1, 1, 1, '{\"description\":\"\\u526f\\u6a19\\u984c\\u5167\\u5bb9\\u8acb\\u63a7\\u5236\\u572880\\u500b\\u5b57\\u5143\\u4e4b\\u5167\",\"validation\":{\"rule\":\"max:80\"}}', 5),
(30, 4, 'content', 'text', '內容', 0, 0, 1, 1, 1, 1, '{}', 10),
(31, 4, 'url', 'text', '網址', 0, 0, 1, 1, 1, 1, '{\"validation\":{\"rule\":\"max:255\"}}', 11),
(32, 4, 'url_txt', 'text', '網址文字', 0, 0, 1, 1, 1, 1, '{\"validation\":{\"rule\":\"max:100\"}}', 12),
(33, 4, 'pic', 'media_picker', '圖片', 0, 1, 1, 1, 1, 1, '{\"max\":1,\"min\":0,\"expanded\":true,\"show_folders\":true,\"show_toolbar\":true,\"allow_upload\":true,\"allow_move\":true,\"allow_delete\":true,\"allow_create_folder\":true,\"allow_rename\":true,\"allow_crop\":true,\"allowed\":[],\"hide_thumbnails\":false,\"quality\":90,\"show_as_images\":true}', 13),
(34, 4, 'video', 'text', '影片連結', 0, 0, 1, 1, 1, 1, '{\"validation\":{\"rule\":\"max:255\"}}', 14),
(35, 4, 'alt', 'text', '替代文字', 0, 0, 1, 1, 1, 1, '{\"validation\":{\"rule\":\"max:100\"}}', 15),
(36, 4, 'title_pos', 'hidden', 'Title Pos', 0, 0, 0, 0, 0, 0, '{}', 16),
(37, 4, 'title_color', 'hidden', 'Title Color', 0, 0, 0, 0, 0, 0, '{}', 17),
(38, 4, 'q_mode', 'hidden', 'Q Mode', 0, 0, 0, 0, 0, 0, '{}', 18),
(39, 4, 'i_mode', 'hidden', 'I Mode', 0, 0, 0, 0, 0, 0, '{}', 19),
(40, 4, 'sort', 'number', '排序', 1, 1, 1, 1, 1, 1, '{\"min\":0,\"display\":{\"width\":\"4\",\"id\":\"sort_id\"}}', 8),
(41, 4, 'enabled', 'checkbox', '是否啟用', 1, 1, 1, 1, 1, 1, '{\"0\":\"\\u95dc\\u9589\",\"1\":\"\\u555f\\u7528\",\"checked\":true}', 20),
(42, 4, 'isShowTitle', 'checkbox', '是否顯示標題', 1, 1, 1, 1, 1, 1, '{\"0\":\"\\u95dc\\u9589\",\"1\":\"\\u555f\\u7528\",\"checked\":true}', 21),
(43, 4, 'created_at', 'timestamp', '創建於', 0, 0, 1, 1, 0, 1, '{}', 22),
(44, 4, 'updated_at', 'timestamp', '更新於', 0, 0, 1, 0, 0, 0, '{}', 23),
(62, 6, 'id', 'text', 'ID', 1, 0, 0, 0, 0, 0, '{}', 1),
(63, 6, 'cgy_id', 'text', 'Cgy Id', 1, 1, 1, 1, 1, 1, '{\"validation\":{\"rule\":\"required\"}}', 3),
(64, 6, 'title', 'text', '品名', 1, 1, 1, 1, 1, 1, '{\"validation\":{\"rule\":\"required|max:50\"}}', 4),
(65, 6, 'pics', 'media_picker', '圖片', 0, 1, 1, 1, 1, 1, '{\"max\":8,\"min\":1,\"expanded\":true,\"show_folders\":true,\"show_toolbar\":true,\"allow_upload\":true,\"allow_move\":true,\"allow_delete\":true,\"allow_create_folder\":true,\"allow_rename\":true,\"allow_crop\":true,\"allowed\":[],\"hide_thumbnails\":false,\"quality\":90,\"show_as_images\":true}', 5),
(66, 6, 'price_og', 'number', '原價', 1, 1, 1, 1, 1, 1, '{\"min\":0,\"display\":{\"width\":\"4\"}}', 6),
(67, 6, 'price_new', 'number', '現價', 0, 1, 1, 1, 1, 1, '{\"min\":0,\"display\":{\"width\":\"4\"}}', 7),
(68, 6, 'badge', 'hidden', 'Badge', 0, 0, 0, 0, 0, 0, '{}', 8),
(69, 6, 'star', 'number', '星數', 1, 1, 1, 1, 1, 1, '{\"default\":3,\"min\":1,\"display\":{\"width\":\"4\"}}', 9),
(70, 6, 'stock', 'number', '庫存', 1, 1, 1, 1, 1, 1, '{\"min\":0,\"display\":{\"width\":\"4\"}}', 10),
(71, 6, 'desc', 'rich_text_box', '描述', 0, 0, 1, 1, 1, 1, '{\"validation\":{\"rule\":\"max:400\"}}', 11),
(72, 6, 'chars', 'hidden', 'Chars', 0, 0, 0, 0, 0, 0, '{}', 12),
(73, 6, 'sku', 'text', 'SKU', 0, 0, 1, 1, 1, 1, '{\"display\":{\"width\":\"4\"}}', 13),
(74, 6, 'options', 'hidden', 'Options', 0, 0, 0, 0, 0, 0, '{}', 14),
(75, 6, 'sort', 'number', '排序', 1, 1, 1, 1, 1, 1, '{\"min\":0,\"display\":{\"width\":\"4\"}}', 15),
(76, 6, 'enabled', 'checkbox', '是否啟用', 1, 1, 1, 1, 1, 1, '{\"0\":\"\\u95dc\\u9589\",\"1\":\"\\u555f\\u7528\",\"checked\":true,\"display\":{\"width\":\"4\"}}', 16),
(77, 6, 'created_at', 'timestamp', '創建於', 0, 1, 1, 1, 0, 1, '{}', 17),
(78, 6, 'updated_at', 'timestamp', '更新於', 0, 0, 1, 0, 0, 0, '{}', 18),
(79, 6, 'item_belongsto_cgy_relationship', 'relationship', '分類', 0, 1, 1, 1, 1, 1, '{\"display\":{\"width\":\"4\"},\"model\":\"App\\\\Models\\\\Cgy\",\"table\":\"cgies\",\"type\":\"belongsTo\",\"column\":\"cgy_id\",\"key\":\"id\",\"label\":\"title\",\"pivot_table\":\"article_tag\",\"pivot\":\"0\",\"taggable\":\"0\"}', 2),
(80, 7, 'id', 'text', 'Id', 1, 0, 0, 0, 0, 0, '{}', 1),
(81, 7, 'name', 'text', '姓名', 1, 1, 1, 1, 1, 1, '{}', 4),
(82, 7, 'mobile', 'text', '手機號碼', 0, 1, 1, 1, 1, 1, '{}', 5),
(83, 7, 'subject', 'text', '主旨', 1, 1, 1, 1, 1, 1, '{}', 6),
(84, 7, 'mode', 'text', '模式', 0, 1, 1, 1, 1, 1, '{}', 7),
(85, 7, 'message', 'text', '訊息', 0, 1, 1, 1, 1, 1, '{}', 8),
(86, 7, 'service', 'text', '所需服務', 0, 1, 1, 1, 1, 1, '{}', 9),
(87, 7, 'email', 'text', '電子郵箱', 0, 1, 1, 1, 1, 1, '{}', 10),
(88, 7, 'status', 'select_dropdown', '聯絡單狀態', 1, 1, 1, 1, 1, 1, '{\"default\":\"\\u65b0\\u5efa\\u7acb\",\"options\":{\"\\u65b0\\u5efa\\u7acb\":\"\\u65b0\\u5efa\\u7acb\",\"\\u8655\\u7406\\u4e2d\":\"\\u8655\\u7406\\u4e2d\",\"\\u5df2\\u8655\\u7406\":\"\\u5df2\\u8655\\u7406\"}}', 11),
(89, 7, 'tag', 'text', '標籤', 0, 1, 1, 1, 1, 1, '{}', 12),
(90, 7, 'handler_id', 'text', 'Handler Id', 0, 1, 1, 1, 1, 1, '{}', 2),
(91, 7, 'creator_id', 'text', 'Creator Id', 0, 1, 1, 1, 1, 1, '{}', 3),
(92, 7, 'source', 'text', '處理者', 0, 1, 1, 1, 1, 1, '{}', 13),
(93, 7, 'created_at', 'timestamp', 'Created At', 0, 1, 1, 1, 0, 1, '{}', 14),
(94, 7, 'updated_at', 'timestamp', 'Updated At', 0, 0, 0, 0, 0, 0, '{}', 17),
(95, 8, 'id', 'text', 'Id', 1, 0, 0, 0, 0, 0, '{}', 1),
(96, 8, 'cgy_id', 'text', 'Cgy Id', 1, 1, 1, 1, 1, 1, '{}', 2),
(97, 8, 'title', 'text', '標題', 1, 1, 1, 1, 1, 1, '{}', 5),
(98, 8, 'author_id', 'text', 'Author Id', 1, 1, 1, 1, 1, 1, '{}', 4),
(99, 8, 'content_small', 'text', '部分內容', 0, 0, 1, 1, 1, 1, '{}', 6),
(100, 8, 'content', 'text', '內容', 1, 0, 1, 1, 1, 1, '{}', 7),
(101, 8, 'attachment_names', 'text', '附件檔名', 0, 0, 1, 1, 1, 1, '{}', 8),
(102, 8, 'attachment_paths', 'text', '附件路徑', 0, 0, 1, 1, 1, 1, '{}', 9),
(103, 8, 'sort', 'number', '排序', 1, 1, 1, 1, 1, 1, '{\"min\":0}', 10),
(104, 8, 'status', 'select_dropdown', '狀態', 1, 1, 1, 1, 1, 1, '{\"default\":\"draft\",\"options\":{\"draft\":\"\\u8349\\u7a3f\",\"online\":\"\\u4e0a\\u7dda\"}}', 11),
(105, 8, 'featured', 'checkbox', '精選', 1, 1, 1, 1, 1, 1, '{\"0\":\"\\u95dc\\u9589\",\"1\":\"\\u555f\\u7528\",\"checked\":true}', 12),
(106, 8, 'meta_description', 'text_area', 'Meta Description', 0, 0, 1, 1, 1, 1, '{}', 13),
(107, 8, 'meta_keywords', 'text_area', 'Meta Keywords', 0, 0, 1, 1, 1, 1, '{}', 14),
(108, 8, 'seo_title', 'text', 'Seo Title', 0, 0, 1, 1, 1, 1, '{}', 15),
(109, 8, 'slug', 'text', 'Slug', 0, 1, 1, 1, 1, 1, '{}', 16),
(110, 8, 'pic', 'media_picker', '圖片', 1, 1, 1, 1, 1, 1, '{\"max\":1,\"min\":0,\"expanded\":true,\"show_folders\":true,\"show_toolbar\":true,\"allow_upload\":true,\"allow_move\":true,\"allow_delete\":true,\"allow_create_folder\":true,\"allow_rename\":true,\"allow_crop\":true,\"allowed\":[],\"hide_thumbnails\":false,\"quality\":90,\"show_as_images\":true}', 17),
(111, 8, 'created_at', 'timestamp', 'Created At', 0, 1, 1, 1, 0, 1, '{}', 18),
(112, 8, 'updated_at', 'timestamp', 'Updated At', 0, 0, 0, 0, 0, 0, '{}', 19),
(113, 8, 'article_belongsto_cgy_relationship', 'relationship', 'cgies', 0, 1, 1, 1, 1, 1, '{\"model\":\"App\\\\Models\\\\Cgy\",\"table\":\"cgies\",\"type\":\"belongsTo\",\"column\":\"cgy_id\",\"key\":\"id\",\"label\":\"title\",\"pivot_table\":\"article_tag\",\"pivot\":\"0\",\"taggable\":\"0\"}', 3),
(114, 7, 'comment', 'text', '評論', 0, 1, 1, 0, 0, 0, '{}', 15),
(115, 7, 'website', 'text', '網站', 0, 1, 1, 0, 0, 0, '{}', 16),
(116, 9, 'id', 'text', 'Id', 1, 0, 0, 0, 0, 0, '{}', 1),
(117, 9, 'article_id', 'text', '文章代碼', 1, 1, 1, 1, 1, 1, '{}', 3),
(118, 9, 'name', 'text', '姓名', 0, 1, 1, 1, 1, 1, '{}', 5),
(119, 9, 'email', 'text', '電子郵箱', 0, 1, 1, 1, 1, 1, '{}', 6),
(120, 9, 'website', 'text', '網址', 0, 1, 1, 1, 1, 1, '{}', 7),
(121, 9, 'user_id', 'text', '使用者', 0, 1, 0, 0, 0, 0, '{}', 4),
(122, 9, 'content', 'text', '內容', 1, 1, 1, 1, 1, 1, '{}', 8),
(123, 9, 'reply_to', 'text', '回覆給', 0, 1, 1, 1, 1, 1, '{}', 9),
(124, 9, 'sort', 'text', '排序', 1, 1, 1, 1, 1, 1, '{\"min\":0,\"display\":{\"width\":\"4\",\"id\":\"sort_id\"}}', 10),
(125, 9, 'enabled', 'checkbox', '是否啟用', 1, 1, 1, 1, 1, 1, '{\"0\":\"\\u95dc\\u9589\",\"1\":\"\\u555f\\u7528\",\"checked\":true}', 11),
(126, 9, 'created_at', 'timestamp', '建立於', 0, 1, 1, 1, 0, 1, '{}', 12),
(127, 9, 'updated_at', 'timestamp', '更新於', 0, 0, 0, 0, 0, 0, '{}', 13),
(128, 1, 'user_hasmany_comment_relationship', 'relationship', 'comments', 0, 1, 1, 1, 1, 1, '{\"model\":\"App\\\\Models\\\\Comment\",\"table\":\"comments\",\"type\":\"hasMany\",\"column\":\"article_id\",\"key\":\"id\",\"label\":\"name\",\"pivot_table\":\"article_tag\",\"pivot\":\"0\",\"taggable\":\"0\"}', 13),
(129, 9, 'comment_belongsto_user_relationship', 'relationship', 'users', 0, 1, 1, 1, 1, 1, '{\"model\":\"App\\\\Models\\\\User\",\"table\":\"users\",\"type\":\"belongsTo\",\"column\":\"article_id\",\"key\":\"id\",\"label\":\"name\",\"pivot_table\":\"article_tag\",\"pivot\":\"0\",\"taggable\":\"0\"}', 2),
(130, 1, 'email_verified_at', 'timestamp', 'Email Verified At', 0, 1, 1, 1, 1, 1, '{}', 6),
(131, 1, 'two_factor_secret', 'text', 'Two Factor Secret', 0, 1, 1, 1, 1, 1, '{}', 8),
(132, 1, 'two_factor_recovery_codes', 'text', 'Two Factor Recovery Codes', 0, 1, 1, 1, 1, 1, '{}', 9),
(133, 1, 'two_factor_confirmed_at', 'timestamp', 'Two Factor Confirmed At', 0, 1, 1, 1, 1, 1, '{}', 10),
(134, 1, 'username', 'text', 'Username', 0, 1, 1, 1, 1, 1, '{}', 15),
(135, 1, 'nickname', 'text', 'Nickname', 0, 1, 1, 1, 1, 1, '{}', 16),
(136, 1, 'gender', 'text', 'Gender', 0, 1, 1, 1, 1, 1, '{}', 17),
(137, 1, 'identify', 'text', 'Identify', 0, 1, 1, 1, 1, 1, '{}', 18),
(138, 1, 'title', 'text', 'Title', 0, 1, 1, 1, 1, 1, '{}', 19),
(139, 1, 'birthday', 'text', 'Birthday', 0, 1, 1, 1, 1, 1, '{}', 20),
(140, 1, 'organization', 'text', 'Organization', 0, 1, 1, 1, 1, 1, '{}', 21),
(141, 1, 'tel', 'text', 'Tel', 0, 1, 1, 1, 1, 1, '{}', 22),
(142, 1, 'mobile', 'text', 'Mobile', 0, 1, 1, 1, 1, 1, '{}', 23),
(143, 1, 'fb_id', 'text', 'Fb Id', 0, 1, 1, 1, 1, 1, '{}', 24),
(144, 1, 'first_name', 'text', 'First Name', 0, 1, 1, 1, 1, 1, '{}', 25),
(145, 1, 'last_name', 'text', 'Last Name', 0, 1, 1, 1, 1, 1, '{}', 26),
(146, 1, 'pic', 'media_picker', '圖片', 0, 1, 1, 1, 1, 1, '{\"max\":1,\"min\":0,\"expanded\":true,\"show_folders\":true,\"show_toolbar\":true,\"allow_upload\":true,\"allow_move\":true,\"allow_delete\":true,\"allow_create_folder\":true,\"allow_rename\":true,\"allow_crop\":true,\"allowed\":[],\"hide_thumbnails\":false,\"quality\":90,\"show_as_images\":true}', 27),
(147, 1, 'post_id', 'text', 'Post Id', 0, 1, 1, 1, 1, 1, '{}', 28),
(148, 1, 'address', 'text', 'Address', 0, 1, 1, 1, 1, 1, '{}', 29),
(149, 1, 'desc', 'text', 'Desc', 0, 1, 1, 1, 1, 1, '{}', 30),
(150, 1, 'enabled', 'checkbox', '是否啟用', 1, 1, 1, 1, 1, 1, '{\"0\":\"\\u95dc\\u9589\",\"1\":\"\\u555f\\u7528\",\"checked\":true}', 31),
(151, 1, 'socialLinks', 'text', 'SocialLinks', 0, 1, 1, 1, 1, 1, '{}', 32),
(152, 1, 'provider', 'text', 'Provider', 0, 1, 1, 1, 1, 1, '{}', 33),
(153, 1, 'provider_id', 'text', 'Provider Id', 0, 1, 1, 1, 1, 1, '{}', 34);

-- --------------------------------------------------------

--
-- 資料表結構 `data_types`
--

CREATE TABLE `data_types` (
  `id` int(10) UNSIGNED NOT NULL,
  `name` varchar(255) COLLATE utf8mb4_unicode_ci NOT NULL,
  `slug` varchar(255) COLLATE utf8mb4_unicode_ci NOT NULL,
  `display_name_singular` varchar(255) COLLATE utf8mb4_unicode_ci NOT NULL,
  `display_name_plural` varchar(255) COLLATE utf8mb4_unicode_ci NOT NULL,
  `icon` varchar(255) COLLATE utf8mb4_unicode_ci DEFAULT NULL,
  `model_name` varchar(255) COLLATE utf8mb4_unicode_ci DEFAULT NULL,
  `policy_name` varchar(255) COLLATE utf8mb4_unicode_ci DEFAULT NULL,
  `controller` varchar(255) COLLATE utf8mb4_unicode_ci DEFAULT NULL,
  `description` varchar(255) COLLATE utf8mb4_unicode_ci DEFAULT NULL,
  `generate_permissions` tinyint(1) NOT NULL DEFAULT 0,
  `server_side` tinyint(4) NOT NULL DEFAULT 0,
  `details` text COLLATE utf8mb4_unicode_ci DEFAULT NULL,
  `created_at` timestamp NULL DEFAULT NULL,
  `updated_at` timestamp NULL DEFAULT NULL
) ENGINE=InnoDB DEFAULT CHARSET=utf8mb4 COLLATE=utf8mb4_unicode_ci;

--
-- 傾印資料表的資料 `data_types`
--

INSERT INTO `data_types` (`id`, `name`, `slug`, `display_name_singular`, `display_name_plural`, `icon`, `model_name`, `policy_name`, `controller`, `description`, `generate_permissions`, `server_side`, `details`, `created_at`, `updated_at`) VALUES
(1, 'users', 'users', '用戶', '用戶', 'voyager-person', 'TCG\\Voyager\\Models\\User', 'TCG\\Voyager\\Policies\\UserPolicy', 'TCG\\Voyager\\Http\\Controllers\\VoyagerUserController', NULL, 1, 1, '{\"order_column\":null,\"order_display_column\":null,\"order_direction\":\"desc\",\"default_search_key\":null,\"scope\":null}', '2022-12-23 08:23:37', '2023-01-07 22:32:12'),
(2, 'menus', 'menus', '側邊欄', '側邊欄', 'voyager-list', 'TCG\\Voyager\\Models\\Menu', NULL, '', '', 1, 0, NULL, '2022-12-23 08:23:37', '2022-12-23 08:23:37'),
(3, 'roles', 'roles', '角色', '角色', 'voyager-lock', 'TCG\\Voyager\\Models\\Role', NULL, 'TCG\\Voyager\\Http\\Controllers\\VoyagerRoleController', '', 1, 0, NULL, '2022-12-23 08:23:37', '2022-12-23 08:23:37'),
(4, 'elements', 'elements', '網頁元素', '網頁元素集', 'voyager-paint-bucket', 'App\\Models\\Element', NULL, NULL, NULL, 1, 1, '{\"order_column\":\"sort\",\"order_display_column\":\"title\",\"order_direction\":\"asc\",\"default_search_key\":\"page\",\"scope\":null}', '2022-12-30 01:34:38', '2022-12-31 14:32:28'),
(6, 'items', 'items', '商品', '商品集', 'voyager-bag', 'App\\Models\\Item', NULL, NULL, NULL, 1, 1, '{\"order_column\":\"sort\",\"order_display_column\":\"title\",\"order_direction\":\"asc\",\"default_search_key\":\"title\",\"scope\":null}', '2022-12-30 03:26:05', '2023-01-07 10:57:06'),
(7, 'contacts', 'contacts', '聯絡單', '聯絡單集', 'voyager-list', 'App\\Models\\Contact', NULL, NULL, NULL, 1, 0, '{\"order_column\":\"id\",\"order_display_column\":\"name\",\"order_direction\":\"asc\",\"default_search_key\":\"subject\",\"scope\":null}', '2023-01-03 05:35:44', '2023-01-07 11:58:13'),
(8, 'articles', 'articles', '文章', '文章集', 'voyager-news', 'App\\Models\\Article', NULL, NULL, NULL, 1, 1, '{\"order_column\":\"sort\",\"order_display_column\":\"title\",\"order_direction\":\"asc\",\"default_search_key\":\"title\",\"scope\":null}', '2023-01-03 07:54:50', '2023-01-03 12:10:01'),
(9, 'comments', 'comments', '評論', '評論集', 'voyager-chat', 'App\\Models\\Comment', NULL, NULL, NULL, 1, 1, '{\"order_column\":\"sort\",\"order_display_column\":\"name\",\"order_direction\":\"asc\",\"default_search_key\":\"article_id\",\"scope\":null}', '2023-01-07 14:21:12', '2023-01-07 15:14:27');

-- --------------------------------------------------------

--
-- 資料表結構 `elements`
--

CREATE TABLE `elements` (
  `id` bigint(20) UNSIGNED NOT NULL,
  `updater_id` bigint(20) UNSIGNED DEFAULT NULL,
  `page` varchar(20) COLLATE utf8mb4_unicode_ci NOT NULL,
  `mode` varchar(10) COLLATE utf8mb4_unicode_ci NOT NULL,
  `title` varchar(40) COLLATE utf8mb4_unicode_ci NOT NULL,
  `position` varchar(20) COLLATE utf8mb4_unicode_ci NOT NULL,
  `icon` varchar(40) COLLATE utf8mb4_unicode_ci DEFAULT NULL,
  `subtitle` varchar(80) COLLATE utf8mb4_unicode_ci DEFAULT NULL,
  `content` varchar(2000) COLLATE utf8mb4_unicode_ci DEFAULT NULL,
  `url` varchar(255) COLLATE utf8mb4_unicode_ci DEFAULT NULL,
  `url_txt` varchar(100) COLLATE utf8mb4_unicode_ci DEFAULT NULL,
  `pic` varchar(255) COLLATE utf8mb4_unicode_ci DEFAULT NULL,
  `video` varchar(255) COLLATE utf8mb4_unicode_ci DEFAULT NULL,
  `alt` varchar(100) COLLATE utf8mb4_unicode_ci DEFAULT NULL,
  `title_pos` varchar(20) COLLATE utf8mb4_unicode_ci DEFAULT NULL,
  `title_color` varchar(30) COLLATE utf8mb4_unicode_ci DEFAULT NULL,
  `q_mode` varchar(40) COLLATE utf8mb4_unicode_ci DEFAULT NULL,
  `i_mode` varchar(40) COLLATE utf8mb4_unicode_ci DEFAULT NULL,
  `sort` int(11) NOT NULL DEFAULT 0,
  `enabled` tinyint(1) NOT NULL DEFAULT 1,
  `isShowTitle` tinyint(1) NOT NULL DEFAULT 1,
  `created_at` timestamp NULL DEFAULT NULL,
  `updated_at` timestamp NULL DEFAULT NULL
) ENGINE=InnoDB DEFAULT CHARSET=utf8mb4 COLLATE=utf8mb4_unicode_ci;

--
-- 傾印資料表的資料 `elements`
--

INSERT INTO `elements` (`id`, `updater_id`, `page`, `mode`, `title`, `position`, `icon`, `subtitle`, `content`, `url`, `url_txt`, `pic`, `video`, `alt`, `title_pos`, `title_color`, `q_mode`, `i_mode`, `sort`, `enabled`, `isShowTitle`, `created_at`, `updated_at`) VALUES
(1, NULL, 'demo', 'slider', '美麗的網站', 'slider', NULL, '遠比你的想像簡單', NULL, '#', '免費試用', 'elements/al-abelarde-JTL1sXlJz2U-unsplash.jpg', NULL, NULL, 'botLeft', NULL, '7', NULL, 1, 1, 1, '2022-12-30 00:36:10', '2022-12-30 00:36:10'),
(2, NULL, 'index', 'image', '寵物學校', 'school', NULL, '狗狗最佳的受訓年齡為 6 個月大的時候，寵物訓練會從簡入繁，依照不同狗狗的個性和特點進行客製化的訓練。', NULL, '/shop', '立刻選購', 'elements/07.png', NULL, NULL, NULL, NULL, NULL, NULL, 0, 1, 1, '2022-12-30 01:52:00', '2023-01-14 13:41:24'),
(3, NULL, 'index', 'image', '餵食', 'images', NULL, NULL, '<svg xmlns=\"http://www.w3.org/2000/svg\" viewBox=\"0 0 512 512\"><path d=\"M0 192c0-35.3 28.7-64 64-64c.5 0 1.1 0 1.6 0C73 91.5 105.3 64 144 64c15 0 29 4.1 40.9 11.2C198.2 49.6 225.1 32 256 32s57.8 17.6 71.1 43.2C339 68.1 353 64 368 64c38.7 0 71 27.5 78.4 64c.5 0 1.1 0 1.6 0c35.3 0 64 28.7 64 64c0 11.7-3.1 22.6-8.6 32H8.6C3.1 214.6 0 203.7 0 192zm0 91.4C0 268.3 12.3 256 27.4 256H484.6c15.1 0 27.4 12.3 27.4 27.4c0 70.5-44.4 130.7-106.7 154.1L403.5 452c-2 16-15.6 28-31.8 28H140.2c-16.1 0-29.8-12-31.8-28l-1.8-14.4C44.4 414.1 0 353.9 0 283.4z\"/></svg>', NULL, NULL, 'elements/icon-sendmerchant-tablet@3x.png', NULL, NULL, NULL, NULL, NULL, NULL, 0, 1, 1, '2022-12-30 05:49:00', '2023-01-14 15:10:18'),
(4, NULL, 'index', 'image', '陪玩', 'images', NULL, NULL, '<svg xmlns=\"http://www.w3.org/2000/svg\" viewBox=\"0 0 512 512\"><path d=\"M511.8 267.4c-26.1 8.7-53.4 13.8-81 15.1c9.2-105.3-31.5-204.2-103.2-272.4C434.1 41.1 512 139.5 512 256c0 3.8-.1 7.6-.2 11.4zm-3.9 34.7c-5.8 32-17.6 62-34.2 88.7c-97.5 48.5-217.7 42.6-311.9-24.5c23.7-36.2 55.4-67.7 94.5-91.8c79.9 43.2 170.1 50.8 251.6 27.6zm-236-55.5c-2.5-90.9-41.1-172.7-101.9-231.7C196.8 5.2 225.8 0 256 0c2.7 0 5.3 0 7.9 .1c90.8 60.2 145.7 167.2 134.7 282.3c-43.1-2.4-86.4-14.1-126.8-35.9zM138 28.8c20.6 18.3 38.7 39.4 53.7 62.6C95.9 136.1 30.6 220.8 7.3 316.9C2.5 297.4 0 277 0 256C0 157.2 56 71.5 138 28.8zm69.6 90.5c19.5 38.6 31 81.9 32.3 127.7C162.5 294.6 110.9 368.9 90.2 451C66 430.4 45.6 405.4 30.4 377.2c6.7-108.7 71.9-209.9 177.1-257.9zM256 512c-50.7 0-98-14.7-137.8-40.2c5.6-27 14.8-53.1 27.4-77.7C232.2 454.6 338.1 468.8 433 441c-46 44-108.3 71-177 71z\"/></svg>', NULL, NULL, 'elements/beach-ball.png', NULL, NULL, NULL, NULL, NULL, NULL, 1, 1, 1, '2022-12-30 05:50:00', '2023-01-14 15:10:37'),
(5, NULL, 'index', 'image', '第三張圖', 'image', NULL, NULL, NULL, NULL, NULL, 'elements/cat3.jpg', NULL, NULL, NULL, NULL, NULL, NULL, 2, 1, 1, '2022-12-30 05:50:00', '2023-01-12 15:10:56'),
(6, NULL, 'index', 'image', '第四張圖', 'image', NULL, NULL, NULL, NULL, NULL, 'elements/cat14.jpg', NULL, NULL, NULL, NULL, NULL, NULL, 3, 1, 1, '2022-12-30 05:50:00', '2023-01-12 15:11:29'),
(7, NULL, 'index', 'text', '最新商品', 'new_product_top', NULL, '你想要的都在這裡', NULL, NULL, NULL, NULL, NULL, NULL, NULL, NULL, NULL, NULL, 0, 1, 1, '2022-12-30 05:59:30', '2022-12-30 05:59:30'),
(8, NULL, 'index', 'text', '貓吃飯', 'video', NULL, NULL, NULL, 'https://fb.watch/hS22TXIGvr/', NULL, NULL, 'https://www.youtube.com/watch?v=9w2Z2_8qcTU', NULL, NULL, NULL, NULL, NULL, 0, 1, 1, '2022-12-31 12:02:00', '2023-01-05 04:14:32'),
(9, NULL, 'index', 'text', '住宿', 'shop', NULL, '寵物也可以享受高質量的住宿體驗。我們的寵物住宿提供舒適、寬敞的房間，配備舒適的床墊和溫馨的毛毯。我們更提供給您的寵物每日的遛狗和清潔服務。', '<svg class=\'iconsize\' xmlns=\"http://www.w3.org/2000/svg\" viewBox=\"0 0 512 512\"><path d=\"M32 0C14.3 0 0 14.3 0 32S14.3 64 32 64V448c-17.7 0-32 14.3-32 32s14.3 32 32 32H208V448h96v64H480c17.7 0 32-14.3 32-32s-14.3-32-32-32V64c17.7 0 32-14.3 32-32s-14.3-32-32-32H32zm80 96h32c8.8 0 16 7.2 16 16v32c0 8.8-7.2 16-16 16H112c-8.8 0-16-7.2-16-16V112c0-8.8 7.2-16 16-16zm112 16c0-8.8 7.2-16 16-16h32c8.8 0 16 7.2 16 16v32c0 8.8-7.2 16-16 16H240c-8.8 0-16-7.2-16-16V112zM368 96h32c8.8 0 16 7.2 16 16v32c0 8.8-7.2 16-16 16H368c-8.8 0-16-7.2-16-16V112c0-8.8 7.2-16 16-16zM96 208c0-8.8 7.2-16 16-16h32c8.8 0 16 7.2 16 16v32c0 8.8-7.2 16-16 16H112c-8.8 0-16-7.2-16-16V208zm144-16h32c8.8 0 16 7.2 16 16v32c0 8.8-7.2 16-16 16H240c-8.8 0-16-7.2-16-16V208c0-8.8 7.2-16 16-16zm112 16c0-8.8 7.2-16 16-16h32c8.8 0 16 7.2 16 16v32c0 8.8-7.2 16-16 16H368c-8.8 0-16-7.2-16-16V208zm-3 152.2c3.3 12.8-7.8 23.8-21 23.8H184c-13.3 0-24.3-10.9-21-23.8c10.6-41.5 48.2-72.2 93-72.2s82.5 30.7 93 72.2z\"/></svg>', '/shop', NULL, 'elements/cat8.jpg', NULL, NULL, NULL, NULL, NULL, NULL, 0, 1, 1, '2022-12-31 13:52:00', '2023-01-15 11:17:53'),
(10, NULL, 'index', 'text', '寵物食品', 'shop', NULL, '我們的產品由專業營養師精心配製，使用天然、有益的成分，確保您的寵物得到所需的營養。我們的食品沒有人造香料、防腐劑和其他有害成分。', '<svg class=\'iconsize\' xmlns=\"http://www.w3.org/2000/svg\" viewBox=\"0 0 512 512\"><path d=\"M176 56c0-13.3 10.7-24 24-24h16c13.3 0 24 10.7 24 24s-10.7 24-24 24H200c-13.3 0-24-10.7-24-24zm24 48h16c13.3 0 24 10.7 24 24s-10.7 24-24 24H200c-13.3 0-24-10.7-24-24s10.7-24 24-24zM56 176H72c13.3 0 24 10.7 24 24s-10.7 24-24 24H56c-13.3 0-24-10.7-24-24s10.7-24 24-24zM0 283.4C0 268.3 12.3 256 27.4 256H484.6c15.1 0 27.4 12.3 27.4 27.4c0 70.5-44.4 130.7-106.7 154.1L403.5 452c-2 16-15.6 28-31.8 28H140.2c-16.1 0-29.8-12-31.8-28l-1.8-14.4C44.4 414.1 0 353.9 0 283.4zM224 200c0-13.3 10.7-24 24-24h16c13.3 0 24 10.7 24 24s-10.7 24-24 24H248c-13.3 0-24-10.7-24-24zm-96 0c0-13.3 10.7-24 24-24h16c13.3 0 24 10.7 24 24s-10.7 24-24 24H152c-13.3 0-24-10.7-24-24zm-24-96h16c13.3 0 24 10.7 24 24s-10.7 24-24 24H104c-13.3 0-24-10.7-24-24s10.7-24 24-24zm216 96c0-13.3 10.7-24 24-24h16c13.3 0 24 10.7 24 24s-10.7 24-24 24H344c-13.3 0-24-10.7-24-24zm-24-96h16c13.3 0 24 10.7 24 24s-10.7 24-24 24H296c-13.3 0-24-10.7-24-24s10.7-24 24-24zm120 96c0-13.3 10.7-24 24-24h16c13.3 0 24 10.7 24 24s-10.7 24-24 24H440c-13.3 0-24-10.7-24-24zm-24-96h16c13.3 0 24 10.7 24 24s-10.7 24-24 24H392c-13.3 0-24-10.7-24-24s10.7-24 24-24zM296 32h16c13.3 0 24 10.7 24 24s-10.7 24-24 24H296c-13.3 0-24-10.7-24-24s10.7-24 24-24z\"/></svg>', '/shop', NULL, 'elements/cat13.jpg', NULL, NULL, NULL, NULL, NULL, NULL, 1, 1, 1, '2022-12-31 13:57:00', '2023-01-05 12:33:17'),
(11, NULL, 'index', 'text', 'Wednesday', 'logo', NULL, NULL, NULL, NULL, NULL, 'elements/07.png', NULL, NULL, NULL, NULL, NULL, NULL, 0, 1, 1, '2023-01-02 06:31:00', '2023-01-14 13:44:09'),
(12, NULL, 'index', 'text', '免運方式', 'shop_method', NULL, NULL, '單次訂單購買2000元以上，即可免運', NULL, NULL, 'elements/icon-sendmerchant-tablet@3x.png', NULL, NULL, NULL, NULL, NULL, NULL, 0, 1, 1, '2023-01-02 06:58:00', '2023-01-02 09:18:27'),
(13, NULL, 'index', 'text', '隱私權政策', 'shop_method', NULL, NULL, '將依個人資料保護法及本隱私權政策蒐集、處理及利用您的個人資料，並提供您對個人資料權利之行使與保護。', NULL, NULL, 'elements/dpmark.gif', NULL, NULL, NULL, NULL, NULL, NULL, 1, 1, 1, '2023-01-02 07:01:00', '2023-01-02 09:19:16'),
(14, NULL, 'index', 'text', '多元付款', 'shop_method', NULL, NULL, 'VISA、MASTER、JCB、轉帳', NULL, NULL, 'elements/icon-cards-pc@3x.png', NULL, NULL, NULL, NULL, NULL, NULL, 2, 1, 1, '2023-01-02 09:07:00', '2023-01-02 09:50:59'),
(15, NULL, 'about', 'text', '奴才的效勞', 'info', NULL, '無怨無悔的鏟屎、給適合的罐罐飼料', '零食挑健康的，愛的摸摸抱抱不可少，求關愛馬上回應', NULL, NULL, NULL, NULL, NULL, NULL, NULL, NULL, NULL, 0, 1, 1, '2023-01-04 05:51:00', '2023-01-04 06:34:45'),
(16, NULL, 'about', 'text', '奴才的任務', 'info', NULL, '除了讓主子吃飽飽吃得好，還要讓主子心情好，時常放放鬆音樂給主子聽', '鏟屎、鏟屎、鏟屎，很重要!!!主子很愛乾淨的。', NULL, NULL, NULL, NULL, NULL, NULL, NULL, NULL, NULL, 1, 1, 1, '2023-01-04 05:55:00', '2023-01-04 06:36:30'),
(17, NULL, 'blog', 'text', 'instagram1', 'ig', NULL, NULL, NULL, '#', NULL, 'elements/cat3.jpg', NULL, NULL, NULL, NULL, NULL, NULL, 0, 1, 1, '2023-01-07 11:00:00', '2023-01-07 11:04:57'),
(18, NULL, 'blog', 'text', 'instagram2', 'ig', NULL, NULL, NULL, '#', NULL, 'elements/blog2.png', NULL, NULL, NULL, NULL, NULL, NULL, 1, 1, 1, '2023-01-07 11:01:00', '2023-01-07 11:05:24'),
(19, NULL, 'blog', 'text', 'instagram3', 'ig', NULL, NULL, NULL, '#', NULL, 'elements/cat11.jpg', NULL, NULL, NULL, NULL, NULL, NULL, 2, 1, 1, '2023-01-07 11:02:00', '2023-01-07 11:04:39'),
(20, NULL, 'blog', 'text', 'instagram4', 'ig', NULL, NULL, NULL, '#', NULL, 'elements/post-img1.jpg', NULL, NULL, NULL, NULL, NULL, NULL, 3, 1, 1, '2023-01-07 11:02:00', '2023-01-07 11:07:09'),
(21, NULL, 'blog', 'text', 'instagram5', 'ig', NULL, NULL, NULL, NULL, NULL, 'elements/single_blog_4.png', NULL, NULL, NULL, NULL, NULL, NULL, 4, 1, 1, '2023-01-07 11:03:00', '2023-01-07 11:03:58'),
(22, NULL, 'blog', 'text', 'instagram6', 'ig', NULL, NULL, NULL, NULL, NULL, 'elements/blog3.png', NULL, NULL, NULL, NULL, NULL, NULL, 5, 1, 1, '2023-01-07 11:06:28', '2023-01-07 11:06:28'),
(23, NULL, 'index', 'image', '刷毛', 'images', NULL, NULL, '<svg xmlns=\"http://www.w3.org/2000/svg\" viewBox=\"0 0 512 512\"><path d=\"M64 131.9C64 112.1 80.1 96 99.9 96c9.5 0 18.6 3.8 25.4 10.5l16.2 16.2c-21 38.9-17.4 87.5 10.9 123L151 247c-9.4 9.4-9.4 24.6 0 33.9s24.6 9.4 33.9 0L345 121c9.4-9.4 9.4-24.6 0-33.9s-24.6-9.4-33.9 0l-1.3 1.3c-35.5-28.3-84.1-31.9-123-10.9L170.5 61.3C151.8 42.5 126.4 32 99.9 32C44.7 32 0 76.7 0 131.9V448c0 17.7 14.3 32 32 32s32-14.3 32-32V131.9zM256 352c17.7 0 32-14.3 32-32s-14.3-32-32-32s-32 14.3-32 32s14.3 32 32 32zm64 64c0-17.7-14.3-32-32-32s-32 14.3-32 32s14.3 32 32 32s32-14.3 32-32zm0-128c17.7 0 32-14.3 32-32s-14.3-32-32-32s-32 14.3-32 32s14.3 32 32 32zm64 64c0-17.7-14.3-32-32-32s-32 14.3-32 32s14.3 32 32 32s32-14.3 32-32zm0-128c17.7 0 32-14.3 32-32s-14.3-32-32-32s-32 14.3-32 32s14.3 32 32 32zm64 64c0-17.7-14.3-32-32-32s-32 14.3-32 32s14.3 32 32 32s32-14.3 32-32zm32-32c17.7 0 32-14.3 32-32s-14.3-32-32-32s-32 14.3-32 32s14.3 32 32 32z\"/></svg>', NULL, NULL, 'elements/bristle-brush.png', NULL, '', NULL, NULL, NULL, NULL, 2, 1, 1, '2023-01-12 15:05:00', '2023-01-14 14:30:19'),
(24, NULL, 'index', 'text', '戶外活動', 'shop', NULL, '為了讓您的寵物有更多戶外活動的機會，我們提供各種戶外運動體驗。我們的遛狗服務提供舒適的遛狗路線，讓您的寵物在戶外感受大自然的恩惠。', '<svg class=\'iconsize\' xmlns=\"http://www.w3.org/2000/svg\" viewBox=\"0 0 512 512\"><path d=\"M383.5 192c.3-5.3 .5-10.6 .5-16c0-51-15.9-96-40.2-127.6C319.5 16.9 288.2 0 256 0s-63.5 16.9-87.8 48.4C143.9 80 128 125 128 176c0 5.4 .2 10.7 .5 16H240V320H208c-7 0-13.7 1.5-19.7 4.2L68.2 192H96.5c-.3-5.3-.5-10.6-.5-16c0-64 22.2-121.2 57.1-159.3C62 49.3 18.6 122.6 4.2 173.6C1.5 183.1 9 192 18.9 192h6L165.2 346.3c-3.3 6.5-5.2 13.9-5.2 21.7v96c0 26.5 21.5 48 48 48h96c26.5 0 48-21.5 48-48V368c0-7.8-1.9-15.2-5.2-21.7L487.1 192h6c9.9 0 17.4-8.9 14.7-18.4C493.4 122.6 450 49.3 358.9 16.7C393.8 54.8 416 112.1 416 176c0 5.4-.2 10.7-.5 16h28.3L323.7 324.2c-6-2.7-12.7-4.2-19.7-4.2H272V192H383.5z\"/></svg>', '/shop', NULL, NULL, NULL, NULL, NULL, NULL, NULL, NULL, 2, 1, 1, '2023-01-15 11:21:26', '2023-01-15 11:21:26'),
(25, NULL, 'index', 'text', '寵物計程車', 'shop', NULL, '我們提供便捷的寵物接送服務，我們的司機專業友善，經過嚴格培訓，確保您的寵物在運送過程中安全舒適。我們提供給您的寵物舒適的乘坐環境，', '<svg class=\'iconsize\' xmlns=\"http://www.w3.org/2000/svg\" viewBox=\"0 0 512 512\"><path d=\"M135.2 117.4L109.1 192H402.9l-26.1-74.6C372.3 104.6 360.2 96 346.6 96H165.4c-13.6 0-25.7 8.6-30.2 21.4zM39.6 196.8L74.8 96.3C88.3 57.8 124.6 32 165.4 32H346.6c40.8 0 77.1 25.8 90.6 64.3l35.2 100.5c23.2 9.6 39.6 32.5 39.6 59.2V400v48c0 17.7-14.3 32-32 32H448c-17.7 0-32-14.3-32-32V400H96v48c0 17.7-14.3 32-32 32H32c-17.7 0-32-14.3-32-32V400 256c0-26.7 16.4-49.6 39.6-59.2zM128 288c0-17.7-14.3-32-32-32s-32 14.3-32 32s14.3 32 32 32s32-14.3 32-32zm288 32c17.7 0 32-14.3 32-32s-14.3-32-32-32s-32 14.3-32 32s14.3 32 32 32z\"/></svg>', NULL, NULL, NULL, NULL, NULL, NULL, NULL, NULL, NULL, 3, 1, 1, '2023-01-15 11:23:45', '2023-01-15 11:23:45'),
(26, NULL, 'showphoto', 'text', 'vedio', 'videos', NULL, NULL, NULL, NULL, NULL, NULL, 'https://www.youtube.com/watch?v=Q7NV_vJPHPo', NULL, NULL, NULL, NULL, NULL, 0, 1, 1, '2023-01-16 07:17:21', '2023-01-16 07:17:21'),
(27, NULL, 'showphoto', 'text', 'photo1', 'silders', NULL, NULL, NULL, NULL, NULL, 'elements/showpic1.jpg', NULL, NULL, NULL, NULL, NULL, NULL, 0, 1, 1, '2023-01-16 07:18:00', '2023-01-18 03:30:32'),
(28, NULL, 'showphoto', 'text', 'photo2', 'silders', NULL, NULL, NULL, NULL, NULL, 'elements/showpic2.jpg', NULL, NULL, NULL, NULL, NULL, NULL, 1, 1, 1, '2023-01-16 07:23:00', '2023-01-18 03:32:49'),
(29, NULL, 'showphoto', 'text', 'photo3', 'silders', NULL, NULL, NULL, NULL, NULL, 'elements/showpic3.jpg', NULL, NULL, NULL, NULL, NULL, NULL, 2, 1, 1, '2023-01-16 07:24:00', '2023-01-18 03:33:21'),
(30, NULL, 'showphoto', 'text', 'photo4', 'silders', NULL, NULL, NULL, NULL, NULL, 'elements/showpic4.jpg', NULL, NULL, NULL, NULL, NULL, NULL, 3, 1, 1, '2023-01-16 07:24:00', '2023-01-18 03:33:43'),
(31, NULL, 'showphoto', 'text', 'photo5', 'silders', NULL, NULL, NULL, NULL, NULL, 'elements/images-5.jpg', NULL, NULL, NULL, NULL, NULL, NULL, 4, 1, 1, '2023-01-16 07:37:00', '2023-01-18 03:34:42'),
(32, NULL, 'showphoto', 'text', 'photo6', 'silders', NULL, NULL, NULL, NULL, NULL, 'elements/showpic6.jpg', NULL, NULL, NULL, NULL, NULL, NULL, 5, 1, 1, '2023-01-16 07:40:00', '2023-01-18 03:36:41'),
(33, NULL, 'showphoto', 'text', 'photo7', 'silders', NULL, NULL, NULL, NULL, NULL, 'elements/showpic7.jpg', NULL, NULL, NULL, NULL, NULL, NULL, 6, 1, 1, '2023-01-16 07:41:00', '2023-01-18 03:35:17'),
(34, NULL, 'showphoto', 'text', 'photo8', 'silders', NULL, NULL, NULL, NULL, NULL, 'elements/showpic8.jpg', NULL, NULL, NULL, NULL, NULL, NULL, 7, 1, 1, '2023-01-16 07:42:00', '2023-01-18 03:37:00'),
(35, NULL, 'showphoto', 'text', 'arrowright', 'arrow', NULL, NULL, '<svg xmlns=\"http://www.w3.org/2000/svg\" viewBox=\"0 0 448 512\"><path d=\"M200.3 142.4C193.3 135.9 183.1 134.2 174.4 138C165.7 141.8 160 150.5 160 159.1v192C160 361.5 165.7 370.2 174.4 374c8.719 3.812 18.91 2.094 25.91-4.375l104-96C309.2 269.1 312 262.7 312 256s-2.812-13.09-7.719-17.62L200.3 142.4zM384 32H64C28.66 32 0 60.66 0 96v320c0 35.34 28.66 64 64 64h320c35.34 0 64-28.66 64-64V96C448 60.66 419.3 32 384 32zM400 416c0 8.82-7.18 16-16 16H64c-8.82 0-16-7.18-16-16V96c0-8.82 7.18-16 16-16h320c8.82 0 16 7.18 16 16V416z\"/></svg>', NULL, NULL, NULL, NULL, NULL, NULL, NULL, NULL, NULL, 0, 1, 1, '2023-01-17 00:27:00', '2023-01-18 02:23:16'),
(36, NULL, 'showphoto', 'text', 'arrowleft', 'arrow', NULL, NULL, '<svg xmlns=\"http://www.w3.org/2000/svg\" viewBox=\"0 0 448 512\"><path d=\"M384 32H64C28.66 32 0 60.66 0 96v320c0 35.34 28.66 64 64 64h320c35.34 0 64-28.66 64-64V96C448 60.66 419.3 32 384 32zM400 416c0 8.82-7.18 16-16 16H64c-8.82 0-16-7.18-16-16V96c0-8.82 7.18-16 16-16h320c8.82 0 16 7.18 16 16V416zM273.6 138c-8.719-3.812-18.91-2.094-25.91 4.375l-104 96C138.8 242.9 136 249.3 136 256s2.812 13.09 7.719 17.62l104 96c7 6.469 17.19 8.188 25.91 4.375C282.3 370.2 288 361.5 288 352V160C288 150.5 282.3 141.8 273.6 138z\"/></svg>', NULL, NULL, NULL, NULL, NULL, NULL, NULL, NULL, NULL, 1, 1, 1, '2023-01-17 00:29:00', '2023-01-18 02:24:43'),
(37, NULL, 'index', 'text', 'crown', 'detail', NULL, NULL, '<svg xmlns=\"http://www.w3.org/2000/svg\" viewBox=\"0 0 576 512\"><!--! Font Awesome Pro 6.2.1 by @fontawesome - https://fontawesome.com License - https://fontawesome.com/license (Commercial License) Copyright 2022 Fonticons, Inc. --><path d=\"M309 106c11.4-7 19-19.7 19-34c0-22.1-17.9-40-40-40s-40 17.9-40 40c0 14.4 7.6 27 19 34L209.7 220.6c-9.1 18.2-32.7 23.4-48.6 10.7L72 160c5-6.7 8-15 8-24c0-22.1-17.9-40-40-40S0 113.9 0 136s17.9 40 40 40c.2 0 .5 0 .7 0L86.4 427.4c5.5 30.4 32 52.6 63 52.6H426.6c30.9 0 57.4-22.1 63-52.6L535.3 176c.2 0 .5 0 .7 0c22.1 0 40-17.9 40-40s-17.9-40-40-40s-40 17.9-40 40c0 9 3 17.3 8 24l-89.1 71.3c-15.9 12.7-39.5 7.5-48.6-10.7L309 106z\"/></svg>', NULL, NULL, NULL, NULL, NULL, NULL, NULL, NULL, NULL, 0, 1, 1, '2023-01-17 00:33:53', '2023-01-17 00:33:53'),
(38, NULL, 'index', 'text', 'base', 'detail', NULL, NULL, '<svg xmlns=\"http://www.w3.org/2000/svg\" viewBox=\"0 0 512 512\"><path d=\"M47.6 300.4L228.3 469.1c7.5 7 17.4 10.9 27.7 10.9s20.2-3.9 27.7-10.9L464.4 300.4c30.4-28.3 47.6-68 47.6-109.5v-5.8c0-69.9-50.5-129.5-119.4-141C347 36.5 300.6 51.4 268 84L256 96 244 84c-32.6-32.6-79-47.5-124.6-39.9C50.5 55.6 0 115.2 0 185.1v5.8c0 41.5 17.2 81.2 47.6 109.5z\"/></svg>', NULL, NULL, NULL, NULL, NULL, NULL, NULL, NULL, NULL, 1, 1, 1, '2023-01-17 00:34:59', '2023-01-17 00:34:59');

-- --------------------------------------------------------

--
-- 資料表結構 `failed_jobs`
--

CREATE TABLE `failed_jobs` (
  `id` bigint(20) UNSIGNED NOT NULL,
  `uuid` varchar(255) COLLATE utf8mb4_unicode_ci NOT NULL,
  `connection` text COLLATE utf8mb4_unicode_ci NOT NULL,
  `queue` text COLLATE utf8mb4_unicode_ci NOT NULL,
  `payload` longtext COLLATE utf8mb4_unicode_ci NOT NULL,
  `exception` longtext COLLATE utf8mb4_unicode_ci NOT NULL,
  `failed_at` timestamp NOT NULL DEFAULT current_timestamp()
) ENGINE=InnoDB DEFAULT CHARSET=utf8mb4 COLLATE=utf8mb4_unicode_ci;

-- --------------------------------------------------------

--
-- 資料表結構 `items`
--

CREATE TABLE `items` (
  `id` bigint(20) UNSIGNED NOT NULL,
  `cgy_id` bigint(20) UNSIGNED NOT NULL,
  `title` varchar(50) COLLATE utf8mb4_unicode_ci NOT NULL,
  `pics` varchar(255) COLLATE utf8mb4_unicode_ci DEFAULT NULL,
  `price_og` int(11) NOT NULL DEFAULT 0,
  `price_new` int(11) DEFAULT NULL,
  `badge` varchar(30) COLLATE utf8mb4_unicode_ci DEFAULT NULL,
  `star` int(11) NOT NULL DEFAULT 10,
  `stock` int(11) NOT NULL DEFAULT 0,
  `desc` varchar(400) COLLATE utf8mb4_unicode_ci DEFAULT NULL,
  `chars` varchar(300) COLLATE utf8mb4_unicode_ci DEFAULT NULL,
  `sku` varchar(100) COLLATE utf8mb4_unicode_ci DEFAULT NULL,
  `options` varchar(500) COLLATE utf8mb4_unicode_ci DEFAULT NULL,
  `sort` int(11) NOT NULL DEFAULT 0,
  `enabled` tinyint(1) NOT NULL DEFAULT 1,
  `created_at` timestamp NULL DEFAULT NULL,
  `updated_at` timestamp NULL DEFAULT NULL
) ENGINE=InnoDB DEFAULT CHARSET=utf8mb4 COLLATE=utf8mb4_unicode_ci;

--
-- 傾印資料表的資料 `items`
--

INSERT INTO `items` (`id`, `cgy_id`, `title`, `pics`, `price_og`, `price_new`, `badge`, `star`, `stock`, `desc`, `chars`, `sku`, `options`, `sort`, `enabled`, `created_at`, `updated_at`) VALUES
(1, 2, '寵貓首選', '[\"items/catfeed.jpg\",\"items/catfeed3.jpg\"]', 2300, 1860, '5折起', 9, 3, '<p>給牠最好的</p>', '多樣顏色可供挑選;尺寸齊全;30天退款保證', 'A3287475', NULL, 0, 1, '2022-12-30 00:40:00', '2022-12-31 11:45:58'),
(2, 1, '商品二', '[\"items/catfeed3.jpg\",\"items/catfeed5.jpg\"]', 1200, 800, NULL, 7, 6, NULL, '多樣顏色可供挑選;尺寸齊全;30天退款保證', 'AF4487375', NULL, 1, 1, '2022-12-30 00:40:00', '2022-12-31 11:50:21'),
(3, 1, '商品五', '[\"items/catfeed10.jpg\",\"items/catfeed5.jpg\"]', 1500, 1350, '最後一雙', 6, 6, NULL, '多樣顏色可供挑選;尺寸齊全;30天退款保證', 'AWW4111375', NULL, 4, 1, '2022-12-30 00:40:00', '2022-12-31 11:55:19'),
(4, 2, '老貓專用', '[\"items/catfeed6_1.jpg\",\"items/catfeed5.jpg\"]', 1500, 1250, NULL, 8, 9, '<p>易消化顧腎臟</p>', '多樣顏色可供挑選;尺寸齊全;30天退款保證', 'AA3375', NULL, 3, 1, '2022-12-30 00:40:00', '2022-12-31 11:47:21'),
(5, 2, '愛貓首選', '[\"items/catfeed5.jpg\",\"items/catfeed8.jpg\"]', 1600, 1200, '有現貨', 6, 8, '<p>亮毛色易消化</p>', '30天退款保證', 'AOM32875', NULL, 10, 1, '2022-12-30 00:40:00', '2023-01-17 04:45:06'),
(6, 1, '商品三', '[\"items/catfeed8.jpg\",\"items/catfeed3.jpg\"]', 1100, 980, '有現貨', 6, 1, NULL, '尺寸齊全;30天退款保證', 'AOJ3M32875', NULL, 2, 1, '2022-12-30 00:40:00', '2022-12-31 11:51:28'),
(7, 1, '商品六', '[\"items/catfeed12.jpg\",\"items/catfeed5.jpg\"]', 2800, 2600, NULL, 9, 1, NULL, '30天退款保證', 'AU32132875', NULL, 5, 1, '2022-12-30 00:40:00', '2022-12-31 11:56:13'),
(9, 2, '挑食貓首選', '[\"items/catfeed9.jpg\",\"items/catfeed3.jpg\"]', 2000, 1800, NULL, 5, 18, '<p>貓貓不再挑食</p>', '尺寸齊全;30天退款保證', 'AMMIO875', NULL, 2, 1, '2022-12-30 00:40:00', '2022-12-31 11:44:54'),
(10, 1, '商品四', '[\"items/catfeed4.jpg\",\"items/catfeed12.jpg\"]', 1800, 1500, NULL, 5, 99, NULL, '尺寸齊全;30天退款保證', 'AK47MMIO875', NULL, 3, 1, '2022-12-30 00:40:00', '2022-12-31 11:53:22'),
(13, 1, '商品一', '[\"items/catfeed7.jpg\",\"items/catfeed8.jpg\"]', 1750, 1300, NULL, 6, 10, NULL, NULL, NULL, NULL, 0, 1, '2022-12-30 06:03:00', '2023-01-08 11:12:52');

-- --------------------------------------------------------

--
-- 資料表結構 `item_order`
--

CREATE TABLE `item_order` (
  `id` bigint(20) UNSIGNED NOT NULL,
  `order_id` bigint(20) UNSIGNED NOT NULL,
  `item_id` bigint(20) UNSIGNED NOT NULL,
  `qty` int(11) NOT NULL DEFAULT 1,
  `option` varchar(100) COLLATE utf8mb4_unicode_ci DEFAULT NULL
) ENGINE=InnoDB DEFAULT CHARSET=utf8mb4 COLLATE=utf8mb4_unicode_ci;

--
-- 傾印資料表的資料 `item_order`
--

INSERT INTO `item_order` (`id`, `order_id`, `item_id`, `qty`, `option`) VALUES
(2, 1, 2, 2, NULL),
(4, 2, 4, 7, NULL),
(8, 4, 1, 8, NULL),
(9, 4, 10, 7, NULL),
(10, 4, 5, 9, NULL),
(11, 4, 3, 9, NULL),
(12, 5, 5, 10, NULL),
(13, 6, 9, 2, NULL),
(15, 6, 1, 6, NULL),
(16, 7, 4, 7, NULL),
(17, 7, 10, 1, NULL),
(19, 8, 7, 4, NULL),
(20, 8, 4, 8, NULL),
(22, 9, 6, 10, NULL),
(23, 10, 3, 7, NULL),
(24, 10, 10, 3, NULL),
(25, 10, 5, 7, NULL),
(26, 11, 5, 7, NULL),
(28, 12, 2, 9, NULL),
(29, 13, 5, 8, NULL),
(31, 14, 3, 8, NULL),
(32, 14, 7, 4, NULL),
(33, 14, 1, 3, NULL),
(34, 15, 5, 6, NULL),
(36, 15, 7, 6, NULL),
(37, 15, 4, 6, NULL),
(38, 16, 4, 4, NULL),
(39, 16, 10, 5, NULL),
(41, 17, 2, 6, NULL),
(42, 17, 7, 10, NULL),
(43, 18, 5, 10, NULL),
(44, 19, 6, 5, NULL),
(45, 19, 1, 9, NULL),
(46, 20, 9, 1, NULL),
(47, 20, 2, 10, NULL),
(48, 20, 10, 7, NULL),
(49, 20, 1, 3, NULL),
(50, 21, 1, 3, NULL),
(51, 21, 6, 9, NULL),
(53, 22, 9, 3, NULL),
(54, 22, 3, 8, NULL),
(55, 22, 10, 6, NULL),
(56, 22, 7, 3, NULL),
(57, 23, 6, 6, NULL),
(58, 23, 2, 4, NULL),
(59, 23, 7, 3, NULL),
(61, 24, 2, 8, NULL),
(63, 25, 5, 5, NULL),
(64, 25, 7, 7, NULL),
(66, 26, 2, 2, NULL),
(67, 26, 1, 6, NULL),
(68, 26, 10, 10, NULL),
(71, 28, 2, 1, NULL),
(72, 28, 3, 5, NULL),
(73, 28, 5, 7, NULL),
(74, 28, 6, 6, NULL),
(75, 29, 3, 6, NULL),
(76, 29, 9, 6, NULL),
(78, 29, 10, 4, NULL),
(79, 30, 6, 6, NULL),
(80, 31, 4, 2, NULL),
(81, 32, 10, 1, NULL),
(82, 32, 3, 1, NULL),
(83, 33, 10, 10, NULL),
(84, 33, 7, 1, NULL),
(85, 34, 5, 6, NULL),
(86, 35, 10, 5, NULL),
(89, 36, 3, 4, NULL),
(90, 36, 2, 7, NULL),
(92, 38, 9, 4, NULL),
(93, 39, 5, 2, NULL),
(94, 39, 7, 2, NULL),
(95, 39, 6, 2, NULL),
(96, 40, 2, 6, NULL),
(97, 40, 1, 9, NULL),
(99, 42, 5, 6, NULL),
(101, 42, 4, 4, NULL),
(102, 43, 10, 6, NULL),
(103, 43, 4, 7, NULL),
(105, 44, 9, 8, NULL),
(106, 44, 6, 2, NULL),
(107, 44, 7, 9, NULL),
(108, 45, 10, 9, NULL),
(109, 45, 4, 7, NULL),
(111, 45, 5, 8, NULL),
(112, 46, 2, 1, NULL),
(113, 47, 9, 1, NULL),
(115, 47, 7, 8, NULL),
(116, 47, 4, 1, NULL),
(117, 48, 3, 5, NULL),
(118, 48, 5, 6, NULL),
(119, 49, 7, 3, NULL),
(120, 49, 3, 6, NULL),
(121, 49, 1, 5, NULL),
(124, 50, 3, 3, NULL);

-- --------------------------------------------------------

--
-- 資料表結構 `item_tag`
--

CREATE TABLE `item_tag` (
  `item_id` bigint(20) UNSIGNED NOT NULL,
  `tag_id` bigint(20) UNSIGNED NOT NULL,
  `created_at` timestamp NULL DEFAULT NULL,
  `updated_at` timestamp NULL DEFAULT NULL
) ENGINE=InnoDB DEFAULT CHARSET=utf8mb4 COLLATE=utf8mb4_unicode_ci;

--
-- 傾印資料表的資料 `item_tag`
--

INSERT INTO `item_tag` (`item_id`, `tag_id`, `created_at`, `updated_at`) VALUES
(1, 1, NULL, NULL),
(2, 1, NULL, NULL),
(3, 1, NULL, NULL),
(4, 1, NULL, NULL),
(5, 2, NULL, NULL),
(6, 2, NULL, NULL),
(7, 2, NULL, NULL),
(9, 3, NULL, NULL),
(10, 3, NULL, NULL);

-- --------------------------------------------------------

--
-- 資料表結構 `menus`
--

CREATE TABLE `menus` (
  `id` int(10) UNSIGNED NOT NULL,
  `name` varchar(255) COLLATE utf8mb4_unicode_ci NOT NULL,
  `created_at` timestamp NULL DEFAULT NULL,
  `updated_at` timestamp NULL DEFAULT NULL
) ENGINE=InnoDB DEFAULT CHARSET=utf8mb4 COLLATE=utf8mb4_unicode_ci;

--
-- 傾印資料表的資料 `menus`
--

INSERT INTO `menus` (`id`, `name`, `created_at`, `updated_at`) VALUES
(1, 'admin', '2022-12-23 08:23:38', '2022-12-23 08:23:38'),
(2, 'frontend', '2022-12-30 07:23:37', '2022-12-30 07:23:37'),
(3, 'footer', '2022-12-31 12:42:16', '2023-01-03 01:39:09'),
(4, 'footer2', '2022-12-31 13:16:54', '2022-12-31 13:16:54'),
(5, 'footer3', '2022-12-31 13:17:04', '2022-12-31 13:17:04');

-- --------------------------------------------------------

--
-- 資料表結構 `menu_items`
--

CREATE TABLE `menu_items` (
  `id` int(10) UNSIGNED NOT NULL,
  `menu_id` int(10) UNSIGNED DEFAULT NULL,
  `title` varchar(255) COLLATE utf8mb4_unicode_ci NOT NULL,
  `url` varchar(255) COLLATE utf8mb4_unicode_ci NOT NULL,
  `target` varchar(255) COLLATE utf8mb4_unicode_ci NOT NULL DEFAULT '_self',
  `icon_class` varchar(255) COLLATE utf8mb4_unicode_ci DEFAULT NULL,
  `color` varchar(255) COLLATE utf8mb4_unicode_ci DEFAULT NULL,
  `parent_id` int(11) DEFAULT NULL,
  `order` int(11) NOT NULL,
  `created_at` timestamp NULL DEFAULT NULL,
  `updated_at` timestamp NULL DEFAULT NULL,
  `route` varchar(255) COLLATE utf8mb4_unicode_ci DEFAULT NULL,
  `parameters` text COLLATE utf8mb4_unicode_ci DEFAULT NULL
) ENGINE=InnoDB DEFAULT CHARSET=utf8mb4 COLLATE=utf8mb4_unicode_ci;

--
-- 傾印資料表的資料 `menu_items`
--

INSERT INTO `menu_items` (`id`, `menu_id`, `title`, `url`, `target`, `icon_class`, `color`, `parent_id`, `order`, `created_at`, `updated_at`, `route`, `parameters`) VALUES
(1, 1, '控制面板', '', '_self', 'voyager-boat', '#000000', NULL, 1, '2022-12-23 08:23:38', '2022-12-30 02:21:55', 'voyager.dashboard', 'null'),
(2, 1, '媒體', '', '_self', 'voyager-images', NULL, NULL, 4, '2022-12-23 08:23:38', '2023-01-12 13:13:18', 'voyager.media.index', NULL),
(3, 1, '用戶', '', '_self', 'voyager-person', NULL, NULL, 3, '2022-12-23 08:23:38', '2022-12-23 08:23:38', 'voyager.users.index', NULL),
(4, 1, '角色', '', '_self', 'voyager-lock', NULL, NULL, 2, '2022-12-23 08:23:38', '2022-12-23 08:23:38', 'voyager.roles.index', NULL),
(5, 1, '工具', '', '_self', 'voyager-tools', NULL, NULL, 5, '2022-12-23 08:23:38', '2023-01-12 13:13:18', NULL, NULL),
(6, 1, '側邊欄管理', '', '_self', 'voyager-list', NULL, 5, 1, '2022-12-23 08:23:38', '2023-01-12 13:13:18', 'voyager.menus.index', NULL),
(7, 1, '資料庫', '', '_self', 'voyager-data', NULL, 5, 2, '2022-12-23 08:23:38', '2023-01-12 13:13:18', 'voyager.database.index', NULL),
(8, 1, '指南針', '', '_self', 'voyager-compass', NULL, 5, 3, '2022-12-23 08:23:38', '2023-01-12 13:13:18', 'voyager.compass.index', NULL),
(9, 1, 'BREAD', '', '_self', 'voyager-bread', NULL, 5, 4, '2022-12-23 08:23:39', '2023-01-12 13:13:18', 'voyager.bread.index', NULL),
(10, 1, '設定', '', '_self', 'voyager-settings', NULL, NULL, 6, '2022-12-23 08:23:39', '2023-01-12 13:13:19', 'voyager.settings.index', NULL),
(11, 1, '網頁元素集', '', '_self', 'voyager-paint-bucket', NULL, NULL, 7, '2022-12-30 01:34:38', '2023-01-12 13:13:19', 'voyager.elements.index', NULL),
(13, 1, '商品集', '', '_self', 'voyager-bag', NULL, NULL, 8, '2022-12-30 03:26:05', '2023-01-12 13:13:19', 'voyager.items.index', NULL),
(14, 2, '首頁', '/', '_self', NULL, '#000000', NULL, 1, '2022-12-30 07:23:54', '2022-12-30 07:25:18', NULL, ''),
(15, 2, '寵物服務項目', '#', '_self', NULL, '#000000', NULL, 2, '2022-12-30 07:24:14', '2023-01-12 13:27:35', NULL, ''),
(16, 2, '愛寶生活集', '/showphotos', '_self', NULL, '#000000', NULL, 3, '2022-12-30 07:24:29', '2023-01-16 07:10:09', NULL, ''),
(17, 2, '寵物寄宿', '/stay', '_self', NULL, '#000000', 15, 1, '2022-12-30 07:24:50', '2023-01-16 07:10:56', NULL, ''),
(18, 2, '食物及玩具', '/shops', '_self', NULL, '#000000', 15, 2, '2022-12-30 07:25:14', '2023-01-17 03:33:03', NULL, ''),
(19, 2, '寵物學校', '/', '_self', NULL, '#000000', 15, 3, '2022-12-30 07:25:33', '2023-01-16 07:09:49', NULL, ''),
(27, 4, '其他產品', '', '_self', NULL, '#000000', NULL, 1, '2022-12-31 13:18:01', '2022-12-31 13:27:34', NULL, ''),
(28, 4, '罐罐', '#', '_self', NULL, '#000000', 27, 1, '2022-12-31 13:18:36', '2022-12-31 13:27:34', NULL, ''),
(29, 4, '肉泥泥', '#', '_self', NULL, '#000000', 27, 2, '2022-12-31 13:19:04', '2022-12-31 13:27:37', NULL, ''),
(30, 4, '凍乾', '#', '_self', NULL, '#000000', 27, 3, '2022-12-31 13:19:28', '2022-12-31 13:27:38', NULL, ''),
(31, 4, '零食', '#', '_self', NULL, '#000000', 27, 4, '2022-12-31 13:20:03', '2022-12-31 13:27:40', NULL, ''),
(32, 5, '銷售服務', '', '_self', NULL, '#000000', NULL, 1, '2022-12-31 13:21:17', '2022-12-31 13:24:19', NULL, ''),
(33, 5, '常見問題', '#', '_self', NULL, '#000000', 32, 1, '2022-12-31 13:21:52', '2022-12-31 13:24:21', NULL, ''),
(34, 5, '免運條件', '#', '_self', NULL, '#000000', 32, 2, '2022-12-31 13:22:54', '2022-12-31 13:24:22', NULL, ''),
(35, 5, '退貨方式', '#', '_self', NULL, '#000000', 32, 3, '2022-12-31 13:23:17', '2022-12-31 13:24:23', NULL, ''),
(36, 5, '運送流程', '#', '_self', NULL, '#000000', 32, 4, '2022-12-31 13:24:13', '2022-12-31 13:24:27', NULL, ''),
(43, 3, '銷售服務', '', '_self', NULL, '#000000', NULL, 3, '2023-01-03 01:42:13', '2023-01-03 01:42:37', NULL, ''),
(44, 3, '常見問題', '#', '_self', NULL, '#000000', 43, 1, '2023-01-03 01:42:32', '2023-01-03 01:42:37', NULL, ''),
(45, 3, '免運條件', '#', '_self', NULL, '#000000', 43, 2, '2023-01-03 01:42:48', '2023-01-03 01:42:59', NULL, ''),
(46, 3, '退貨方式', '#', '_self', NULL, '#000000', 43, 3, '2023-01-03 01:43:13', '2023-01-03 01:43:18', NULL, ''),
(47, 3, '運送流程', '#', '_self', NULL, '#000000', 43, 4, '2023-01-03 01:43:32', '2023-01-03 01:43:38', NULL, ''),
(48, 1, '聯絡單集', '', '_self', 'voyager-list', NULL, NULL, 9, '2023-01-03 05:35:44', '2023-01-12 13:13:19', 'voyager.contacts.index', NULL),
(49, 1, '文章集', '', '_self', 'voyager-news', NULL, NULL, 10, '2023-01-03 07:54:50', '2023-01-12 13:13:19', 'voyager.articles.index', NULL),
(54, 1, '評論集', '', '_self', 'voyager-chat', NULL, NULL, 11, '2023-01-07 14:21:13', '2023-01-12 13:13:19', 'voyager.comments.index', NULL);

-- --------------------------------------------------------

--
-- 資料表結構 `migrations`
--

CREATE TABLE `migrations` (
  `id` int(10) UNSIGNED NOT NULL,
  `migration` varchar(255) COLLATE utf8mb4_unicode_ci NOT NULL,
  `batch` int(11) NOT NULL
) ENGINE=InnoDB DEFAULT CHARSET=utf8mb4 COLLATE=utf8mb4_unicode_ci;

--
-- 傾印資料表的資料 `migrations`
--

INSERT INTO `migrations` (`id`, `migration`, `batch`) VALUES
(1, '2014_10_12_000000_create_users_table', 1),
(2, '2014_10_12_100000_create_password_resets_table', 1),
(3, '2016_01_01_000000_add_voyager_user_fields', 1),
(4, '2016_01_01_000000_create_data_types_table', 1),
(5, '2016_05_19_173453_create_menu_table', 1),
(6, '2016_10_21_190000_create_roles_table', 1),
(7, '2016_10_21_190000_create_settings_table', 1),
(8, '2016_11_30_135954_create_permission_table', 1),
(9, '2016_11_30_141208_create_permission_role_table', 1),
(10, '2016_12_26_201236_data_types__add__server_side', 1),
(11, '2017_01_13_000000_add_route_to_menu_items_table', 1),
(12, '2017_01_14_005015_create_translations_table', 1),
(13, '2017_01_15_000000_make_table_name_nullable_in_permissions_table', 1),
(14, '2017_03_06_000000_add_controller_to_data_types_table', 1),
(15, '2017_04_21_000000_add_order_to_data_rows_table', 1),
(16, '2017_07_05_210000_add_policyname_to_data_types_table', 1),
(17, '2017_08_05_000000_add_group_to_settings_table', 1),
(18, '2017_11_26_013050_add_user_role_relationship', 1),
(19, '2017_11_26_015000_create_user_roles_table', 1),
(20, '2018_03_11_000000_add_user_settings', 1),
(21, '2018_03_14_000000_add_details_to_data_types_table', 1),
(22, '2018_03_16_000000_make_settings_value_nullable', 1),
(23, '2019_08_19_000000_create_failed_jobs_table', 1),
(24, '2019_12_14_000001_create_personal_access_tokens_table', 1),
(26, '2017_01_06_144001_create_elements', 2),
(27, '2017_01_12_215420_create_contacts', 2),
(31, '2017_01_26_113420_create_comments', 3),
(32, '2018_03_28_205026_create_items_table', 4),
(33, '2018_04_09_124213_create_item_tag', 4),
(34, '2018_04_18_173507_create_orders_table', 4),
(35, '2018_04_19_133408_create_item_order_table', 4),
(36, '2019_06_22_112612_add_columns_users_table', 4),
(37, '2014_10_12_200000_add_two_factor_columns_to_users_table', 5),
(40, '2023_01_03_141940_create_sessions_table', 6),
(41, '2023_01_03_142610_create_sessions_table', 7),
(42, '2017_01_03_132607_create_cgies_table', 8),
(43, '2017_01_14_222727_create_tags', 8),
(44, '2017_01_26_112016_create_articles', 8),
(45, '2017_01_26_112101_create_article_tag', 8);

-- --------------------------------------------------------

--
-- 資料表結構 `orders`
--

CREATE TABLE `orders` (
  `id` bigint(20) UNSIGNED NOT NULL,
  `owner_id` bigint(20) UNSIGNED NOT NULL,
  `receiver` varchar(10) COLLATE utf8mb4_unicode_ci DEFAULT NULL,
  `receiverTitle` varchar(10) COLLATE utf8mb4_unicode_ci DEFAULT NULL,
  `receiverMobile` varchar(20) COLLATE utf8mb4_unicode_ci DEFAULT NULL,
  `receiverEmail` varchar(100) COLLATE utf8mb4_unicode_ci DEFAULT NULL,
  `receiverAddress` varchar(100) COLLATE utf8mb4_unicode_ci DEFAULT NULL,
  `message` varchar(500) COLLATE utf8mb4_unicode_ci DEFAULT NULL,
  `couponCode` varchar(100) COLLATE utf8mb4_unicode_ci DEFAULT NULL,
  `subtotal` int(11) NOT NULL DEFAULT 0,
  `shipCost` int(11) NOT NULL DEFAULT 0,
  `status` varchar(20) COLLATE utf8mb4_unicode_ci NOT NULL DEFAULT 'create',
  `pay_type` varchar(100) COLLATE utf8mb4_unicode_ci DEFAULT NULL,
  `trade_no` varchar(100) COLLATE utf8mb4_unicode_ci DEFAULT NULL,
  `pay_at` timestamp NULL DEFAULT NULL,
  `pay_from` varchar(255) COLLATE utf8mb4_unicode_ci DEFAULT NULL,
  `pay_pre` int(11) DEFAULT NULL,
  `pay_after` int(11) DEFAULT NULL,
  `reply_desc` varchar(255) COLLATE utf8mb4_unicode_ci DEFAULT NULL,
  `type` varchar(255) COLLATE utf8mb4_unicode_ci NOT NULL DEFAULT 'normal',
  `created_at` timestamp NULL DEFAULT NULL,
  `updated_at` timestamp NULL DEFAULT NULL
) ENGINE=InnoDB DEFAULT CHARSET=utf8mb4 COLLATE=utf8mb4_unicode_ci;

--
-- 傾印資料表的資料 `orders`
--

INSERT INTO `orders` (`id`, `owner_id`, `receiver`, `receiverTitle`, `receiverMobile`, `receiverEmail`, `receiverAddress`, `message`, `couponCode`, `subtotal`, `shipCost`, `status`, `pay_type`, `trade_no`, `pay_at`, `pay_from`, `pay_pre`, `pay_after`, `reply_desc`, `type`, `created_at`, `updated_at`) VALUES
(1, 3, '使用者', NULL, '0911234567', 'user@demo.com', '7294 Green Groves Suite 562\nHarrisport, MI 63592', 'Et laborum voluptas consectetur et in omnis excepturi. Enim quibusdam culpa nobis quo rem.', NULL, 0, 0, 'cancel', NULL, NULL, NULL, NULL, NULL, NULL, NULL, 'normal', '2022-12-30 00:40:50', '2022-12-30 00:40:50'),
(2, 3, '使用者', NULL, '0911234567', 'user@demo.com', '7294 Green Groves Suite 562\nHarrisport, MI 63592', 'In repudiandae iste temporibus est. Amet est delectus quia doloremque eum corporis non sit.', NULL, 0, 0, 'create', NULL, NULL, NULL, NULL, NULL, NULL, NULL, 'normal', '2022-12-30 00:40:51', '2022-12-30 00:40:51'),
(3, 3, '使用者', NULL, '0911234567', 'user@demo.com', '7294 Green Groves Suite 562\nHarrisport, MI 63592', 'Est et et sunt reprehenderit est. Totam porro excepturi nihil aut.', NULL, 0, 0, 'prepare', NULL, NULL, NULL, NULL, NULL, NULL, NULL, 'normal', '2022-12-30 00:40:51', '2022-12-30 00:40:51'),
(4, 3, '使用者', NULL, '0911234567', 'user@demo.com', '7294 Green Groves Suite 562\nHarrisport, MI 63592', 'Autem est porro molestiae delectus. Sequi cum et quos vero. Voluptatem et nisi qui eaque mollitia.', NULL, 0, 0, 'create', NULL, NULL, NULL, NULL, NULL, NULL, NULL, 'normal', '2022-12-30 00:40:51', '2022-12-30 00:40:51'),
(5, 3, '使用者', NULL, '0911234567', 'user@demo.com', '7294 Green Groves Suite 562\nHarrisport, MI 63592', 'Quae qui eligendi distinctio temporibus nulla. Nihil fuga minus et molestiae est qui.', NULL, 0, 0, 'cancel', NULL, NULL, NULL, NULL, NULL, NULL, NULL, 'normal', '2022-12-30 00:40:51', '2022-12-30 00:40:51'),
(6, 3, '使用者', NULL, '0911234567', 'user@demo.com', '7294 Green Groves Suite 562\nHarrisport, MI 63592', 'Odit voluptatem harum tenetur molestias quae ut. Totam blanditiis incidunt sed doloribus.', NULL, 0, 0, 'prepare', NULL, NULL, NULL, NULL, NULL, NULL, NULL, 'normal', '2022-12-30 00:40:51', '2022-12-30 00:40:51'),
(7, 3, '使用者', NULL, '0911234567', 'user@demo.com', '7294 Green Groves Suite 562\nHarrisport, MI 63592', 'Consectetur suscipit soluta eius ipsa. Ex quas nostrum vero excepturi delectus sequi quam.', NULL, 0, 0, 'finish', NULL, NULL, NULL, NULL, NULL, NULL, NULL, 'normal', '2022-12-30 00:40:52', '2022-12-30 00:40:52'),
(8, 3, '使用者', NULL, '0911234567', 'user@demo.com', '7294 Green Groves Suite 562\nHarrisport, MI 63592', 'Laboriosam est minima quo dolorum. Sunt repellat ut est non optio aperiam aspernatur.', NULL, 0, 0, 'prepare', NULL, NULL, NULL, NULL, NULL, NULL, NULL, 'normal', '2022-12-30 00:40:52', '2022-12-30 00:40:52'),
(9, 3, '使用者', NULL, '0911234567', 'user@demo.com', '7294 Green Groves Suite 562\nHarrisport, MI 63592', 'Velit voluptatem iure nobis. Nemo voluptatem soluta reiciendis. Quis odio aperiam consequuntur.', NULL, 0, 0, 'cancel', NULL, NULL, NULL, NULL, NULL, NULL, NULL, 'normal', '2022-12-30 00:40:52', '2022-12-30 00:40:52'),
(10, 3, '使用者', NULL, '0911234567', 'user@demo.com', '7294 Green Groves Suite 562\nHarrisport, MI 63592', 'Officiis cumque aut nobis libero aut quasi quo. Neque voluptatem provident qui id distinctio.', NULL, 0, 0, 'finish', NULL, NULL, NULL, NULL, NULL, NULL, NULL, 'normal', '2022-12-30 00:40:52', '2022-12-30 00:40:52'),
(11, 3, '使用者', NULL, '0911234567', 'user@demo.com', '7294 Green Groves Suite 562\nHarrisport, MI 63592', 'Voluptatem officiis repellat totam qui rem ea qui. Et ut labore unde molestias incidunt ipsam.', NULL, 0, 0, 'finish', NULL, NULL, NULL, NULL, NULL, NULL, NULL, 'normal', '2022-12-30 00:40:52', '2022-12-30 00:40:52'),
(12, 3, '使用者', NULL, '0911234567', 'user@demo.com', '7294 Green Groves Suite 562\nHarrisport, MI 63592', 'Omnis et et eum minus. Animi non enim enim quis architecto. Mollitia expedita non ut quas.', NULL, 0, 0, 'finish', NULL, NULL, NULL, NULL, NULL, NULL, NULL, 'normal', '2022-12-30 00:40:52', '2022-12-30 00:40:52'),
(13, 3, '使用者', NULL, '0911234567', 'user@demo.com', '7294 Green Groves Suite 562\nHarrisport, MI 63592', 'Aut laudantium fuga aut. Vitae accusamus quo quae aut repellendus unde alias.', NULL, 0, 0, 'create', NULL, NULL, NULL, NULL, NULL, NULL, NULL, 'normal', '2022-12-30 00:40:53', '2022-12-30 00:40:53'),
(14, 3, '使用者', NULL, '0911234567', 'user@demo.com', '7294 Green Groves Suite 562\nHarrisport, MI 63592', 'Assumenda in rerum eveniet. Nihil nesciunt rerum dolor tenetur et possimus.', NULL, 0, 0, 'cancel', NULL, NULL, NULL, NULL, NULL, NULL, NULL, 'normal', '2022-12-30 00:40:53', '2022-12-30 00:40:53'),
(15, 3, '使用者', NULL, '0911234567', 'user@demo.com', '7294 Green Groves Suite 562\nHarrisport, MI 63592', 'Ut nisi cum et aliquid pariatur dolorem aut. Ut totam molestiae eum eum.', NULL, 0, 0, 'finish', NULL, NULL, NULL, NULL, NULL, NULL, NULL, 'normal', '2022-12-30 00:40:53', '2022-12-30 00:40:53'),
(16, 3, '使用者', NULL, '0911234567', 'user@demo.com', '7294 Green Groves Suite 562\nHarrisport, MI 63592', 'Est sed et officia rerum sed et. Hic voluptates quia est adipisci et.', NULL, 0, 0, 'finish', NULL, NULL, NULL, NULL, NULL, NULL, NULL, 'normal', '2022-12-30 00:40:53', '2022-12-30 00:40:53'),
(17, 3, '使用者', NULL, '0911234567', 'user@demo.com', '7294 Green Groves Suite 562\nHarrisport, MI 63592', 'Omnis et dolorem sed dolorum. Et dolorem voluptatem enim. Et neque saepe aperiam vero.', NULL, 0, 0, 'create', NULL, NULL, NULL, NULL, NULL, NULL, NULL, 'normal', '2022-12-30 00:40:54', '2022-12-30 00:40:54'),
(18, 3, '使用者', NULL, '0911234567', 'user@demo.com', '7294 Green Groves Suite 562\nHarrisport, MI 63592', 'Qui quis sit cum sed non. Et molestias autem sapiente error. Doloremque voluptates qui iure.', NULL, 0, 0, 'cancel', NULL, NULL, NULL, NULL, NULL, NULL, NULL, 'normal', '2022-12-30 00:40:54', '2022-12-30 00:40:54'),
(19, 3, '使用者', NULL, '0911234567', 'user@demo.com', '7294 Green Groves Suite 562\nHarrisport, MI 63592', 'Adipisci et sit et et voluptatibus perferendis. Qui quisquam qui placeat totam eos et.', NULL, 0, 0, 'prepare', NULL, NULL, NULL, NULL, NULL, NULL, NULL, 'normal', '2022-12-30 00:40:54', '2022-12-30 00:40:54'),
(20, 3, '使用者', NULL, '0911234567', 'user@demo.com', '7294 Green Groves Suite 562\nHarrisport, MI 63592', 'Ratione in quis nihil. Repellat veniam ipsa iste ut.', NULL, 0, 0, 'cancel', NULL, NULL, NULL, NULL, NULL, NULL, NULL, 'normal', '2022-12-30 00:40:54', '2022-12-30 00:40:54'),
(21, 3, '使用者', NULL, '0911234567', 'user@demo.com', '7294 Green Groves Suite 562\nHarrisport, MI 63592', 'Sequi delectus id dolor modi. Ut laboriosam eos et qui. Doloremque minima provident consequatur.', NULL, 0, 0, 'create', NULL, NULL, NULL, NULL, NULL, NULL, NULL, 'normal', '2022-12-30 00:40:54', '2022-12-30 00:40:54'),
(22, 3, '使用者', NULL, '0911234567', 'user@demo.com', '7294 Green Groves Suite 562\nHarrisport, MI 63592', 'Incidunt quas quisquam nihil dolores. In illum at in qui. Sequi atque magnam nulla.', NULL, 0, 0, 'create', NULL, NULL, NULL, NULL, NULL, NULL, NULL, 'normal', '2022-12-30 00:40:54', '2022-12-30 00:40:54'),
(23, 3, '使用者', NULL, '0911234567', 'user@demo.com', '7294 Green Groves Suite 562\nHarrisport, MI 63592', 'Cumque eum beatae ut voluptas et iusto et. Ut illum enim illo deserunt eos consequatur quia.', NULL, 0, 0, 'prepare', NULL, NULL, NULL, NULL, NULL, NULL, NULL, 'normal', '2022-12-30 00:40:55', '2022-12-30 00:40:55'),
(24, 3, '使用者', NULL, '0911234567', 'user@demo.com', '7294 Green Groves Suite 562\nHarrisport, MI 63592', 'Voluptas voluptas rerum molestiae. Quasi temporibus beatae reiciendis aut earum.', NULL, 0, 0, 'create', NULL, NULL, NULL, NULL, NULL, NULL, NULL, 'normal', '2022-12-30 00:40:55', '2022-12-30 00:40:55'),
(25, 3, '使用者', NULL, '0911234567', 'user@demo.com', '7294 Green Groves Suite 562\nHarrisport, MI 63592', 'Id dicta laboriosam voluptatem. Et debitis sit ullam molestiae nihil. Delectus vel ut incidunt non.', NULL, 0, 0, 'prepare', NULL, NULL, NULL, NULL, NULL, NULL, NULL, 'normal', '2022-12-30 00:40:55', '2022-12-30 00:40:55'),
(26, 3, '使用者', NULL, '0911234567', 'user@demo.com', '7294 Green Groves Suite 562\nHarrisport, MI 63592', 'Temporibus ratione et perferendis quo fuga. Quaerat aut itaque mollitia culpa veritatis modi.', NULL, 0, 0, 'finish', NULL, NULL, NULL, NULL, NULL, NULL, NULL, 'normal', '2022-12-30 00:40:55', '2022-12-30 00:40:55'),
(27, 3, '使用者', NULL, '0911234567', 'user@demo.com', '7294 Green Groves Suite 562\nHarrisport, MI 63592', 'Adipisci odit voluptatem ut qui necessitatibus. Et eum numquam libero harum eveniet.', NULL, 0, 0, 'create', NULL, NULL, NULL, NULL, NULL, NULL, NULL, 'normal', '2022-12-30 00:40:56', '2022-12-30 00:40:56'),
(28, 3, '使用者', NULL, '0911234567', 'user@demo.com', '7294 Green Groves Suite 562\nHarrisport, MI 63592', 'Quibusdam dolorem fugit repellat modi earum ratione. Sit asperiores distinctio ad voluptatum ut.', NULL, 0, 0, 'prepare', NULL, NULL, NULL, NULL, NULL, NULL, NULL, 'normal', '2022-12-30 00:40:56', '2022-12-30 00:40:56'),
(29, 3, '使用者', NULL, '0911234567', 'user@demo.com', '7294 Green Groves Suite 562\nHarrisport, MI 63592', 'Possimus ducimus ea aut dolor. Maxime et maiores nam sit pariatur.', NULL, 0, 0, 'prepare', NULL, NULL, NULL, NULL, NULL, NULL, NULL, 'normal', '2022-12-30 00:40:56', '2022-12-30 00:40:56'),
(30, 3, '使用者', NULL, '0911234567', 'user@demo.com', '7294 Green Groves Suite 562\nHarrisport, MI 63592', 'Eaque et ducimus voluptatem quisquam. Sunt nihil blanditiis dolores aliquid.', NULL, 0, 0, 'create', NULL, NULL, NULL, NULL, NULL, NULL, NULL, 'normal', '2022-12-30 00:40:56', '2022-12-30 00:40:56'),
(31, 3, '使用者', NULL, '0911234567', 'user@demo.com', '7294 Green Groves Suite 562\nHarrisport, MI 63592', 'Nisi corporis alias atque rem. Amet quo pariatur et a voluptatem fugiat ut omnis.', NULL, 0, 0, 'finish', NULL, NULL, NULL, NULL, NULL, NULL, NULL, 'normal', '2022-12-30 00:40:56', '2022-12-30 00:40:56'),
(32, 3, '使用者', NULL, '0911234567', 'user@demo.com', '7294 Green Groves Suite 562\nHarrisport, MI 63592', 'Inventore rerum vero omnis est iste laboriosam asperiores. Quos excepturi recusandae quae et.', NULL, 0, 0, 'create', NULL, NULL, NULL, NULL, NULL, NULL, NULL, 'normal', '2022-12-30 00:40:56', '2022-12-30 00:40:56'),
(33, 3, '使用者', NULL, '0911234567', 'user@demo.com', '7294 Green Groves Suite 562\nHarrisport, MI 63592', 'Et ratione nam eaque autem. Aut qui minima ut delectus temporibus.', NULL, 0, 0, 'prepare', NULL, NULL, NULL, NULL, NULL, NULL, NULL, 'normal', '2022-12-30 00:40:56', '2022-12-30 00:40:56'),
(34, 3, '使用者', NULL, '0911234567', 'user@demo.com', '7294 Green Groves Suite 562\nHarrisport, MI 63592', 'Nam alias blanditiis quo dolore et qui. Dolor placeat eum ut sed.', NULL, 0, 0, 'create', NULL, NULL, NULL, NULL, NULL, NULL, NULL, 'normal', '2022-12-30 00:40:57', '2022-12-30 00:40:57'),
(35, 3, '使用者', NULL, '0911234567', 'user@demo.com', '7294 Green Groves Suite 562\nHarrisport, MI 63592', 'Aut fugiat libero reprehenderit quisquam sunt omnis ut. Occaecati est rerum quam ex.', NULL, 0, 0, 'finish', NULL, NULL, NULL, NULL, NULL, NULL, NULL, 'normal', '2022-12-30 00:40:57', '2022-12-30 00:40:57'),
(36, 3, '使用者', NULL, '0911234567', 'user@demo.com', '7294 Green Groves Suite 562\nHarrisport, MI 63592', 'Sint reiciendis ad inventore necessitatibus ex. Quibusdam ad quis vitae laudantium.', NULL, 0, 0, 'finish', NULL, NULL, NULL, NULL, NULL, NULL, NULL, 'normal', '2022-12-30 00:40:57', '2022-12-30 00:40:57'),
(37, 3, '使用者', NULL, '0911234567', 'user@demo.com', '7294 Green Groves Suite 562\nHarrisport, MI 63592', 'Fugiat qui corporis aperiam dolores ducimus aut eos. Vel eaque ipsam neque modi in ex.', NULL, 0, 0, 'finish', NULL, NULL, NULL, NULL, NULL, NULL, NULL, 'normal', '2022-12-30 00:40:57', '2022-12-30 00:40:57'),
(38, 3, '使用者', NULL, '0911234567', 'user@demo.com', '7294 Green Groves Suite 562\nHarrisport, MI 63592', 'Tempora enim occaecati sit quod saepe quo. Voluptatem eos et sed dolorum. Quo quibusdam in odio.', NULL, 0, 0, 'prepare', NULL, NULL, NULL, NULL, NULL, NULL, NULL, 'normal', '2022-12-30 00:40:57', '2022-12-30 00:40:57'),
(39, 3, '使用者', NULL, '0911234567', 'user@demo.com', '7294 Green Groves Suite 562\nHarrisport, MI 63592', 'Ratione saepe at non incidunt. Suscipit in quia reiciendis a id molestiae accusamus.', NULL, 0, 0, 'create', NULL, NULL, NULL, NULL, NULL, NULL, NULL, 'normal', '2022-12-30 00:40:57', '2022-12-30 00:40:57'),
(40, 3, '使用者', NULL, '0911234567', 'user@demo.com', '7294 Green Groves Suite 562\nHarrisport, MI 63592', 'Unde molestiae quo officia eius aut explicabo. Et vel nihil quam consequatur sed voluptatem.', NULL, 0, 0, 'cancel', NULL, NULL, NULL, NULL, NULL, NULL, NULL, 'normal', '2022-12-30 00:40:57', '2022-12-30 00:40:57'),
(41, 3, '使用者', NULL, '0911234567', 'user@demo.com', '7294 Green Groves Suite 562\nHarrisport, MI 63592', 'Eum perferendis qui ut delectus quis assumenda minima fugit. Voluptatem et rerum aliquam et.', NULL, 0, 0, 'finish', NULL, NULL, NULL, NULL, NULL, NULL, NULL, 'normal', '2022-12-30 00:40:57', '2022-12-30 00:40:57'),
(42, 3, '使用者', NULL, '0911234567', 'user@demo.com', '7294 Green Groves Suite 562\nHarrisport, MI 63592', 'Ut consectetur ut eum consequatur temporibus nisi quis. Voluptatem eaque illum nostrum veritatis.', NULL, 0, 0, 'create', NULL, NULL, NULL, NULL, NULL, NULL, NULL, 'normal', '2022-12-30 00:40:57', '2022-12-30 00:40:57'),
(43, 3, '使用者', NULL, '0911234567', 'user@demo.com', '7294 Green Groves Suite 562\nHarrisport, MI 63592', 'Aut dolorum vero pariatur quidem. Dicta enim sit dolor. Fuga atque quia sint neque minus.', NULL, 0, 0, 'cancel', NULL, NULL, NULL, NULL, NULL, NULL, NULL, 'normal', '2022-12-30 00:40:57', '2022-12-30 00:40:57'),
(44, 3, '使用者', NULL, '0911234567', 'user@demo.com', '7294 Green Groves Suite 562\nHarrisport, MI 63592', 'Eaque et est eum adipisci aut deserunt. Accusantium aperiam excepturi et aut.', NULL, 0, 0, 'finish', NULL, NULL, NULL, NULL, NULL, NULL, NULL, 'normal', '2022-12-30 00:40:58', '2022-12-30 00:40:58'),
(45, 3, '使用者', NULL, '0911234567', 'user@demo.com', '7294 Green Groves Suite 562\nHarrisport, MI 63592', 'Aut et veritatis nihil reiciendis qui. Ducimus accusantium itaque cumque porro voluptas.', NULL, 0, 0, 'finish', NULL, NULL, NULL, NULL, NULL, NULL, NULL, 'normal', '2022-12-30 00:40:58', '2022-12-30 00:40:58'),
(46, 3, '使用者', NULL, '0911234567', 'user@demo.com', '7294 Green Groves Suite 562\nHarrisport, MI 63592', 'Sapiente aspernatur rerum eos. Sit rerum esse non et. Optio minima quaerat rerum a earum.', NULL, 0, 0, 'prepare', NULL, NULL, NULL, NULL, NULL, NULL, NULL, 'normal', '2022-12-30 00:40:58', '2022-12-30 00:40:58'),
(47, 3, '使用者', NULL, '0911234567', 'user@demo.com', '7294 Green Groves Suite 562\nHarrisport, MI 63592', 'Hic natus minus incidunt. Perferendis labore eveniet debitis et. Doloremque sit sint nam.', NULL, 0, 0, 'create', NULL, NULL, NULL, NULL, NULL, NULL, NULL, 'normal', '2022-12-30 00:40:59', '2022-12-30 00:40:59'),
(48, 3, '使用者', NULL, '0911234567', 'user@demo.com', '7294 Green Groves Suite 562\nHarrisport, MI 63592', 'Illo ut tenetur ex et debitis. Sit sed et beatae ullam hic facilis.', NULL, 0, 0, 'create', NULL, NULL, NULL, NULL, NULL, NULL, NULL, 'normal', '2022-12-30 00:40:59', '2022-12-30 00:40:59'),
(49, 3, '使用者', NULL, '0911234567', 'user@demo.com', '7294 Green Groves Suite 562\nHarrisport, MI 63592', 'Provident quaerat porro molestiae. Omnis quis nulla totam. Est et optio sunt ut aut.', NULL, 0, 0, 'create', NULL, NULL, NULL, NULL, NULL, NULL, NULL, 'normal', '2022-12-30 00:40:59', '2022-12-30 00:40:59'),
(50, 3, '使用者', NULL, '0911234567', 'user@demo.com', '7294 Green Groves Suite 562\nHarrisport, MI 63592', 'Harum odio odio ullam quisquam. Quas fugit impedit id cum harum.', NULL, 0, 0, 'finish', NULL, NULL, NULL, NULL, NULL, NULL, NULL, 'normal', '2022-12-30 00:40:59', '2022-12-30 00:40:59'),
(51, 1, NULL, NULL, NULL, NULL, NULL, NULL, NULL, 0, 0, 'create', NULL, NULL, NULL, NULL, NULL, NULL, NULL, 'normal', '2023-01-09 13:49:45', '2023-01-09 13:49:45');

-- --------------------------------------------------------

--
-- 資料表結構 `password_resets`
--

CREATE TABLE `password_resets` (
  `email` varchar(255) COLLATE utf8mb4_unicode_ci NOT NULL,
  `token` varchar(255) COLLATE utf8mb4_unicode_ci NOT NULL,
  `created_at` timestamp NULL DEFAULT NULL
) ENGINE=InnoDB DEFAULT CHARSET=utf8mb4 COLLATE=utf8mb4_unicode_ci;

-- --------------------------------------------------------

--
-- 資料表結構 `permissions`
--

CREATE TABLE `permissions` (
  `id` bigint(20) UNSIGNED NOT NULL,
  `key` varchar(255) COLLATE utf8mb4_unicode_ci NOT NULL,
  `table_name` varchar(255) COLLATE utf8mb4_unicode_ci DEFAULT NULL,
  `created_at` timestamp NULL DEFAULT NULL,
  `updated_at` timestamp NULL DEFAULT NULL
) ENGINE=InnoDB DEFAULT CHARSET=utf8mb4 COLLATE=utf8mb4_unicode_ci;

--
-- 傾印資料表的資料 `permissions`
--

INSERT INTO `permissions` (`id`, `key`, `table_name`, `created_at`, `updated_at`) VALUES
(1, 'browse_admin', NULL, '2022-12-23 08:23:40', '2022-12-23 08:23:40'),
(2, 'browse_bread', NULL, '2022-12-23 08:23:40', '2022-12-23 08:23:40'),
(3, 'browse_database', NULL, '2022-12-23 08:23:40', '2022-12-23 08:23:40'),
(4, 'browse_media', NULL, '2022-12-23 08:23:40', '2022-12-23 08:23:40'),
(5, 'browse_compass', NULL, '2022-12-23 08:23:40', '2022-12-23 08:23:40'),
(6, 'browse_menus', 'menus', '2022-12-23 08:23:40', '2022-12-23 08:23:40'),
(7, 'read_menus', 'menus', '2022-12-23 08:23:40', '2022-12-23 08:23:40'),
(8, 'edit_menus', 'menus', '2022-12-23 08:23:40', '2022-12-23 08:23:40'),
(9, 'add_menus', 'menus', '2022-12-23 08:23:40', '2022-12-23 08:23:40'),
(10, 'delete_menus', 'menus', '2022-12-23 08:23:41', '2022-12-23 08:23:41'),
(11, 'browse_roles', 'roles', '2022-12-23 08:23:41', '2022-12-23 08:23:41'),
(12, 'read_roles', 'roles', '2022-12-23 08:23:41', '2022-12-23 08:23:41'),
(13, 'edit_roles', 'roles', '2022-12-23 08:23:41', '2022-12-23 08:23:41'),
(14, 'add_roles', 'roles', '2022-12-23 08:23:41', '2022-12-23 08:23:41'),
(15, 'delete_roles', 'roles', '2022-12-23 08:23:41', '2022-12-23 08:23:41'),
(16, 'browse_users', 'users', '2022-12-23 08:23:41', '2022-12-23 08:23:41'),
(17, 'read_users', 'users', '2022-12-23 08:23:41', '2022-12-23 08:23:41'),
(18, 'edit_users', 'users', '2022-12-23 08:23:41', '2022-12-23 08:23:41'),
(19, 'add_users', 'users', '2022-12-23 08:23:41', '2022-12-23 08:23:41'),
(20, 'delete_users', 'users', '2022-12-23 08:23:41', '2022-12-23 08:23:41'),
(21, 'browse_settings', 'settings', '2022-12-23 08:23:41', '2022-12-23 08:23:41'),
(22, 'read_settings', 'settings', '2022-12-23 08:23:41', '2022-12-23 08:23:41'),
(23, 'edit_settings', 'settings', '2022-12-23 08:23:41', '2022-12-23 08:23:41'),
(24, 'add_settings', 'settings', '2022-12-23 08:23:41', '2022-12-23 08:23:41'),
(25, 'delete_settings', 'settings', '2022-12-23 08:23:41', '2022-12-23 08:23:41'),
(26, 'browse_elements', 'elements', '2022-12-30 01:34:38', '2022-12-30 01:34:38'),
(27, 'read_elements', 'elements', '2022-12-30 01:34:38', '2022-12-30 01:34:38'),
(28, 'edit_elements', 'elements', '2022-12-30 01:34:38', '2022-12-30 01:34:38'),
(29, 'add_elements', 'elements', '2022-12-30 01:34:38', '2022-12-30 01:34:38'),
(30, 'delete_elements', 'elements', '2022-12-30 01:34:38', '2022-12-30 01:34:38'),
(36, 'browse_items', 'items', '2022-12-30 03:26:05', '2022-12-30 03:26:05'),
(37, 'read_items', 'items', '2022-12-30 03:26:05', '2022-12-30 03:26:05'),
(38, 'edit_items', 'items', '2022-12-30 03:26:05', '2022-12-30 03:26:05'),
(39, 'add_items', 'items', '2022-12-30 03:26:05', '2022-12-30 03:26:05'),
(40, 'delete_items', 'items', '2022-12-30 03:26:05', '2022-12-30 03:26:05'),
(41, 'browse_contacts', 'contacts', '2023-01-03 05:35:44', '2023-01-03 05:35:44'),
(42, 'read_contacts', 'contacts', '2023-01-03 05:35:44', '2023-01-03 05:35:44'),
(43, 'edit_contacts', 'contacts', '2023-01-03 05:35:44', '2023-01-03 05:35:44'),
(44, 'add_contacts', 'contacts', '2023-01-03 05:35:44', '2023-01-03 05:35:44'),
(45, 'delete_contacts', 'contacts', '2023-01-03 05:35:44', '2023-01-03 05:35:44'),
(46, 'browse_articles', 'articles', '2023-01-03 07:54:50', '2023-01-03 07:54:50'),
(47, 'read_articles', 'articles', '2023-01-03 07:54:50', '2023-01-03 07:54:50'),
(48, 'edit_articles', 'articles', '2023-01-03 07:54:50', '2023-01-03 07:54:50'),
(49, 'add_articles', 'articles', '2023-01-03 07:54:50', '2023-01-03 07:54:50'),
(50, 'delete_articles', 'articles', '2023-01-03 07:54:50', '2023-01-03 07:54:50'),
(51, 'browse_comments', 'comments', '2023-01-07 14:21:13', '2023-01-07 14:21:13'),
(52, 'read_comments', 'comments', '2023-01-07 14:21:13', '2023-01-07 14:21:13'),
(53, 'edit_comments', 'comments', '2023-01-07 14:21:13', '2023-01-07 14:21:13'),
(54, 'add_comments', 'comments', '2023-01-07 14:21:13', '2023-01-07 14:21:13'),
(55, 'delete_comments', 'comments', '2023-01-07 14:21:13', '2023-01-07 14:21:13');

-- --------------------------------------------------------

--
-- 資料表結構 `permission_role`
--

CREATE TABLE `permission_role` (
  `permission_id` bigint(20) UNSIGNED NOT NULL,
  `role_id` bigint(20) UNSIGNED NOT NULL
) ENGINE=InnoDB DEFAULT CHARSET=utf8mb4 COLLATE=utf8mb4_unicode_ci;

--
-- 傾印資料表的資料 `permission_role`
--

INSERT INTO `permission_role` (`permission_id`, `role_id`) VALUES
(1, 1),
(2, 1),
(3, 1),
(4, 1),
(5, 1),
(6, 1),
(7, 1),
(8, 1),
(9, 1),
(10, 1),
(11, 1),
(12, 1),
(13, 1),
(14, 1),
(15, 1),
(16, 1),
(17, 1),
(18, 1),
(19, 1),
(20, 1),
(21, 1),
(22, 1),
(23, 1),
(24, 1),
(25, 1),
(26, 1),
(27, 1),
(28, 1),
(29, 1),
(30, 1),
(36, 1),
(37, 1),
(38, 1),
(39, 1),
(40, 1),
(41, 1),
(42, 1),
(43, 1),
(44, 1),
(45, 1),
(46, 1),
(47, 1),
(48, 1),
(49, 1),
(50, 1),
(51, 1),
(52, 1),
(53, 1),
(54, 1),
(55, 1);

-- --------------------------------------------------------

--
-- 資料表結構 `personal_access_tokens`
--

CREATE TABLE `personal_access_tokens` (
  `id` bigint(20) UNSIGNED NOT NULL,
  `tokenable_type` varchar(255) COLLATE utf8mb4_unicode_ci NOT NULL,
  `tokenable_id` bigint(20) UNSIGNED NOT NULL,
  `name` varchar(255) COLLATE utf8mb4_unicode_ci NOT NULL,
  `token` varchar(64) COLLATE utf8mb4_unicode_ci NOT NULL,
  `abilities` text COLLATE utf8mb4_unicode_ci DEFAULT NULL,
  `last_used_at` timestamp NULL DEFAULT NULL,
  `expires_at` timestamp NULL DEFAULT NULL,
  `created_at` timestamp NULL DEFAULT NULL,
  `updated_at` timestamp NULL DEFAULT NULL
) ENGINE=InnoDB DEFAULT CHARSET=utf8mb4 COLLATE=utf8mb4_unicode_ci;

-- --------------------------------------------------------

--
-- 資料表結構 `roles`
--

CREATE TABLE `roles` (
  `id` bigint(20) UNSIGNED NOT NULL,
  `name` varchar(255) COLLATE utf8mb4_unicode_ci NOT NULL,
  `display_name` varchar(255) COLLATE utf8mb4_unicode_ci NOT NULL,
  `created_at` timestamp NULL DEFAULT NULL,
  `updated_at` timestamp NULL DEFAULT NULL
) ENGINE=InnoDB DEFAULT CHARSET=utf8mb4 COLLATE=utf8mb4_unicode_ci;

--
-- 傾印資料表的資料 `roles`
--

INSERT INTO `roles` (`id`, `name`, `display_name`, `created_at`, `updated_at`) VALUES
(1, 'admin', '管理員', '2022-12-23 08:23:39', '2022-12-23 08:23:39'),
(2, 'user', '普通用戶', '2022-12-23 08:23:39', '2022-12-23 08:23:39');

-- --------------------------------------------------------

--
-- 資料表結構 `sessions`
--

CREATE TABLE `sessions` (
  `id` varchar(255) COLLATE utf8mb4_unicode_ci NOT NULL,
  `user_id` bigint(20) UNSIGNED DEFAULT NULL,
  `ip_address` varchar(45) COLLATE utf8mb4_unicode_ci DEFAULT NULL,
  `user_agent` text COLLATE utf8mb4_unicode_ci DEFAULT NULL,
  `payload` longtext COLLATE utf8mb4_unicode_ci NOT NULL,
  `last_activity` int(11) NOT NULL
) ENGINE=InnoDB DEFAULT CHARSET=utf8mb4 COLLATE=utf8mb4_unicode_ci;

--
-- 傾印資料表的資料 `sessions`
--

INSERT INTO `sessions` (`id`, `user_id`, `ip_address`, `user_agent`, `payload`, `last_activity`) VALUES
('S7txX5KdHRRZrXPtoTjhxgfWkYsnAOVAxpPTYMw9', 4, '::1', 'Mozilla/5.0 (Windows NT 10.0; Win64; x64) AppleWebKit/537.36 (KHTML, like Gecko) Chrome/109.0.0.0 Safari/537.36', 'YTo1OntzOjY6Il90b2tlbiI7czo0MDoiNHJzTDVqajNrVFpFV3VVc1dhWHRNZnB5NkQ2djZXcElGNFdORnVlRSI7czo5OiJfcHJldmlvdXMiO2E6MTp7czozOiJ1cmwiO3M6NDA6Imh0dHA6Ly9sb2NhbGhvc3Q6NjA4MC90aGlyZC9wdWJsaWMvc2hvcHMiO31zOjY6Il9mbGFzaCI7YToyOntzOjM6Im9sZCI7YTowOnt9czozOiJuZXciO2E6MDp7fX1zOjM6InVybCI7YTowOnt9czo1MDoibG9naW5fd2ViXzU5YmEzNmFkZGMyYjJmOTQwMTU4MGYwMTRjN2Y1OGVhNGUzMDk4OWQiO2k6NDt9', 1674013223);

-- --------------------------------------------------------

--
-- 資料表結構 `settings`
--

CREATE TABLE `settings` (
  `id` int(10) UNSIGNED NOT NULL,
  `key` varchar(255) COLLATE utf8mb4_unicode_ci NOT NULL,
  `display_name` varchar(255) COLLATE utf8mb4_unicode_ci NOT NULL,
  `value` text COLLATE utf8mb4_unicode_ci DEFAULT NULL,
  `details` text COLLATE utf8mb4_unicode_ci DEFAULT NULL,
  `type` varchar(255) COLLATE utf8mb4_unicode_ci NOT NULL,
  `order` int(11) NOT NULL DEFAULT 1,
  `group` varchar(255) COLLATE utf8mb4_unicode_ci DEFAULT NULL
) ENGINE=InnoDB DEFAULT CHARSET=utf8mb4 COLLATE=utf8mb4_unicode_ci;

--
-- 傾印資料表的資料 `settings`
--

INSERT INTO `settings` (`id`, `key`, `display_name`, `value`, `details`, `type`, `order`, `group`) VALUES
(1, 'site.title', '網站標題', 'wednesday', '', 'text', 1, 'Site'),
(2, 'site.description', '網站描述', '這是一個愛貓奴才的網站', '', 'text', 2, 'Site'),
(3, 'site.logo', '網站 Logo', 'settings\\January2023\\o3332z0FdjOx2kV4hDPu.png', '', 'image', 3, 'Site'),
(4, 'site.google_analytics_tracking_id', 'Google Analytics Tracking ID', NULL, '', 'text', 4, 'Site'),
(5, 'admin.bg_image', '後台背景圖像', '', '', 'image', 5, 'Admin'),
(6, 'admin.title', 'Admin 標題', 'Voyager', '', 'text', 1, 'Admin'),
(7, 'admin.description', '後台描述', '歡迎使用 Voyager - 不可錯過的 Laravel 後台管理框架', '', 'text', 2, 'Admin'),
(8, 'admin.loader', 'Admin Loader', '', '', 'image', 3, 'Admin'),
(9, 'admin.icon_image', '後台圖標', '', '', 'image', 4, 'Admin'),
(10, 'admin.google_analytics_client_id', 'Google Analytics Client ID （於後台控制面板使用）', NULL, '', 'text', 1, 'Admin'),
(11, 'site.fb_url', '臉書連結', NULL, NULL, 'text', 6, 'Site'),
(12, 'site.ga_code', '埋Code', '<script>\r\n(function(i,s,o,g,r,a,m){i[\'GoogleAnalyticsObject\']=r;i[r]=i[r]||function(){\r\n  (i[r].q=i[r].q||[]).push(arguments)},i[r].l=1*new Date();a=s.createElement(o),\r\n  m=s.getElementsByTagName(o)[0];a.async=1;a.src=g;m.parentNode.insertBefore(a,m)\r\n  })(window,document,\'script\',\'//www.google-analytics.com/analytics.js\',\'ga\');\r\n \r\n  ga(\'create\', \'UA-xxxxxx-1\', \'auto\');\r\n  ga(\'send\', \'pageview\');\r\n</script>', NULL, 'code_editor', 7, 'Site'),
(18, 'site.logo_footer', 'logo_footer', 'settings\\January2023\\yrqjr6YiaE0CAbPrIss5.jpg', NULL, 'image', 8, 'Site'),
(20, 'site.ig_url', 'Ig', 'https://www.instagram.com/black.neko_168/', NULL, 'text', 9, 'Site'),
(21, 'site.address', '公司地址', '新新路1號', NULL, 'text', 10, 'Site'),
(22, 'site.phoneno', '公司電話', '3333333333', NULL, 'text', 11, 'Site'),
(23, 'site.email', '電子信箱', 'justmeow@email.com', NULL, 'text', 12, 'Site');

-- --------------------------------------------------------

--
-- 資料表結構 `tags`
--

CREATE TABLE `tags` (
  `id` bigint(20) UNSIGNED NOT NULL,
  `title` varchar(40) COLLATE utf8mb4_unicode_ci NOT NULL,
  `type` varchar(30) COLLATE utf8mb4_unicode_ci DEFAULT NULL,
  `mode` varchar(30) COLLATE utf8mb4_unicode_ci DEFAULT NULL,
  `link` varchar(255) COLLATE utf8mb4_unicode_ci NOT NULL DEFAULT '#',
  `sort` int(11) NOT NULL DEFAULT 0,
  `enabled` tinyint(1) NOT NULL DEFAULT 1,
  `created_at` timestamp NULL DEFAULT NULL,
  `updated_at` timestamp NULL DEFAULT NULL
) ENGINE=InnoDB DEFAULT CHARSET=utf8mb4 COLLATE=utf8mb4_unicode_ci;

--
-- 傾印資料表的資料 `tags`
--

INSERT INTO `tags` (`id`, `title`, `type`, `mode`, `link`, `sort`, `enabled`, `created_at`, `updated_at`) VALUES
(2, '熱賣商品', 'shop,def', NULL, '#', 0, 1, '2018-07-08 02:12:57', '2018-09-24 18:43:07'),
(3, '推薦商品', 'shop', NULL, '#', 0, 1, '2018-07-08 02:12:57', '2018-07-08 02:12:57'),
(7, '商城', 'qna', NULL, '#', 1, 1, '2018-07-08 02:12:57', '2018-07-11 06:44:03'),
(8, '費用', 'qna', NULL, '#', 2, 1, '2018-07-08 02:12:57', '2018-07-08 02:12:57'),
(9, '其他', 'qna,def', NULL, '#', 4, 1, '2018-07-11 06:44:24', '2018-08-13 17:55:48'),
(10, 'PHP', 'def,portfolio', NULL, '#', 0, 1, '2020-11-03 03:30:04', '2020-11-03 03:31:24'),
(11, 'Laravel', 'def,portfolio', NULL, '#', 1, 1, '2020-11-03 03:30:15', '2020-11-03 03:31:39'),
(12, 'App', 'def', NULL, '#', 2, 1, '2020-11-03 03:30:28', '2020-11-03 03:30:28'),
(13, '人工智慧', 'def,portfolio', NULL, '#', 3, 1, '2020-11-03 03:30:41', '2020-11-03 03:31:46'),
(14, '資料結構', 'def,portfolio', NULL, '#', 4, 1, '2020-11-03 03:30:55', '2020-11-03 03:32:00');

-- --------------------------------------------------------

--
-- 資料表結構 `translations`
--

CREATE TABLE `translations` (
  `id` int(10) UNSIGNED NOT NULL,
  `table_name` varchar(255) COLLATE utf8mb4_unicode_ci NOT NULL,
  `column_name` varchar(255) COLLATE utf8mb4_unicode_ci NOT NULL,
  `foreign_key` int(10) UNSIGNED NOT NULL,
  `locale` varchar(255) COLLATE utf8mb4_unicode_ci NOT NULL,
  `value` text COLLATE utf8mb4_unicode_ci NOT NULL,
  `created_at` timestamp NULL DEFAULT NULL,
  `updated_at` timestamp NULL DEFAULT NULL
) ENGINE=InnoDB DEFAULT CHARSET=utf8mb4 COLLATE=utf8mb4_unicode_ci;

-- --------------------------------------------------------

--
-- 資料表結構 `users`
--

CREATE TABLE `users` (
  `id` bigint(20) UNSIGNED NOT NULL,
  `role_id` bigint(20) UNSIGNED DEFAULT NULL,
  `name` varchar(255) COLLATE utf8mb4_unicode_ci NOT NULL,
  `email` varchar(255) COLLATE utf8mb4_unicode_ci NOT NULL,
  `avatar` varchar(255) COLLATE utf8mb4_unicode_ci DEFAULT 'users/default.png',
  `email_verified_at` timestamp NULL DEFAULT NULL,
  `password` varchar(255) COLLATE utf8mb4_unicode_ci NOT NULL,
  `two_factor_secret` text COLLATE utf8mb4_unicode_ci DEFAULT NULL,
  `two_factor_recovery_codes` text COLLATE utf8mb4_unicode_ci DEFAULT NULL,
  `two_factor_confirmed_at` timestamp NULL DEFAULT NULL,
  `remember_token` varchar(100) COLLATE utf8mb4_unicode_ci DEFAULT NULL,
  `settings` text COLLATE utf8mb4_unicode_ci DEFAULT NULL,
  `created_at` timestamp NULL DEFAULT NULL,
  `updated_at` timestamp NULL DEFAULT NULL,
  `username` varchar(255) COLLATE utf8mb4_unicode_ci DEFAULT NULL,
  `nickname` varchar(45) COLLATE utf8mb4_unicode_ci DEFAULT NULL,
  `gender` varchar(20) COLLATE utf8mb4_unicode_ci DEFAULT NULL,
  `identify` varchar(20) COLLATE utf8mb4_unicode_ci DEFAULT NULL,
  `title` varchar(45) COLLATE utf8mb4_unicode_ci DEFAULT NULL,
  `birthday` date DEFAULT NULL,
  `organization` varchar(40) COLLATE utf8mb4_unicode_ci DEFAULT NULL,
  `tel` varchar(20) COLLATE utf8mb4_unicode_ci DEFAULT NULL,
  `mobile` varchar(20) COLLATE utf8mb4_unicode_ci DEFAULT NULL,
  `fb_id` varchar(60) COLLATE utf8mb4_unicode_ci DEFAULT NULL,
  `first_name` varchar(45) COLLATE utf8mb4_unicode_ci DEFAULT NULL,
  `last_name` varchar(45) COLLATE utf8mb4_unicode_ci DEFAULT NULL,
  `pic` varchar(100) COLLATE utf8mb4_unicode_ci DEFAULT NULL,
  `post_id` varchar(5) COLLATE utf8mb4_unicode_ci DEFAULT NULL,
  `address` varchar(100) COLLATE utf8mb4_unicode_ci DEFAULT NULL,
  `desc` varchar(1000) COLLATE utf8mb4_unicode_ci DEFAULT NULL,
  `enabled` tinyint(1) NOT NULL DEFAULT 1,
  `socialLinks` varchar(1000) COLLATE utf8mb4_unicode_ci DEFAULT NULL,
  `provider` varchar(255) COLLATE utf8mb4_unicode_ci DEFAULT NULL,
  `provider_id` varchar(255) COLLATE utf8mb4_unicode_ci DEFAULT NULL
) ENGINE=InnoDB DEFAULT CHARSET=utf8mb4 COLLATE=utf8mb4_unicode_ci;

--
-- 傾印資料表的資料 `users`
--

INSERT INTO `users` (`id`, `role_id`, `name`, `email`, `avatar`, `email_verified_at`, `password`, `two_factor_secret`, `two_factor_recovery_codes`, `two_factor_confirmed_at`, `remember_token`, `settings`, `created_at`, `updated_at`, `username`, `nickname`, `gender`, `identify`, `title`, `birthday`, `organization`, `tel`, `mobile`, `fb_id`, `first_name`, `last_name`, `pic`, `post_id`, `address`, `desc`, `enabled`, `socialLinks`, `provider`, `provider_id`) VALUES
(1, 3, '超級管理員', 'super@demo.com', 'users/default.png', NULL, '$2y$10$YucwU6SiCjjRryXGH7Z/6OOAi8x2ZqNkde9GxK.41j7wJQKp4Qo4e', NULL, NULL, NULL, NULL, NULL, '2022-12-30 00:40:42', '2022-12-30 00:40:42', 'super', NULL, 'male', NULL, NULL, NULL, NULL, NULL, '0911234567', NULL, NULL, NULL, NULL, NULL, '4437 Krajcik Walks\nSouth Patience, MT 67023-0782', NULL, 1, NULL, NULL, NULL),
(2, 1, '管理員', 'admin@demo.com', 'users/default.png', NULL, '$2y$10$we73oc1gfb//jAHPOpp81.XokYBELMqhQV/HJroShFayFz9RkG2uG', NULL, NULL, NULL, NULL, NULL, '2022-12-30 00:40:42', '2022-12-30 00:40:42', 'admin', NULL, 'male', NULL, NULL, NULL, NULL, NULL, '0921234567', NULL, NULL, NULL, NULL, NULL, '70060 Glover Green\nDallinburgh, ME 38799', NULL, 1, NULL, NULL, NULL),
(3, 2, '使用者', 'user@demo.com', 'users/default.png', NULL, '$2y$10$eHGUqFCON3K2GssTp3nrJOPV3FJNGKUS1YbIaRrQmWn7wCv74/9mS', NULL, NULL, NULL, NULL, NULL, '2022-12-30 00:40:42', '2022-12-30 00:40:42', 'user', NULL, 'male', NULL, NULL, NULL, NULL, NULL, '0911234567', NULL, NULL, NULL, NULL, NULL, '7294 Green Groves Suite 562\nHarrisport, MI 63592', NULL, 1, NULL, NULL, NULL),
(4, 1, 'penny', 'admin@admin.com', NULL, NULL, '$2y$10$R.VoBepe2qxkxkatezPhwuLQVEmlxBi9MQprIe/gK6nXFdoVN1CBS', NULL, NULL, NULL, '6htOzT4scRkvIYKxBcoiO2G6xmD3jgAXYsTG4gi0VLd2g4vRuWyk7vy7tons', '{\"locale\":\"zh_TW\"}', '2022-12-31 10:19:55', '2023-01-07 22:29:52', NULL, NULL, NULL, NULL, NULL, NULL, NULL, NULL, NULL, NULL, NULL, NULL, NULL, NULL, NULL, NULL, 0, NULL, NULL, NULL);

-- --------------------------------------------------------

--
-- 資料表結構 `user_roles`
--

CREATE TABLE `user_roles` (
  `user_id` bigint(20) UNSIGNED NOT NULL,
  `role_id` bigint(20) UNSIGNED NOT NULL
) ENGINE=InnoDB DEFAULT CHARSET=utf8mb4 COLLATE=utf8mb4_unicode_ci;

--
-- 已傾印資料表的索引
--

--
-- 資料表索引 `articles`
--
ALTER TABLE `articles`
  ADD PRIMARY KEY (`id`),
  ADD KEY `articles_cgy_id_index` (`cgy_id`),
  ADD KEY `articles_author_id_index` (`author_id`);

--
-- 資料表索引 `article_tag`
--
ALTER TABLE `article_tag`
  ADD KEY `article_tag_article_id_index` (`article_id`),
  ADD KEY `article_tag_tag_id_index` (`tag_id`);

--
-- 資料表索引 `cgies`
--
ALTER TABLE `cgies`
  ADD PRIMARY KEY (`id`),
  ADD KEY `cgies_parent_id_index` (`parent_id`);

--
-- 資料表索引 `comments`
--
ALTER TABLE `comments`
  ADD PRIMARY KEY (`id`),
  ADD KEY `comments_article_id_index` (`article_id`),
  ADD KEY `comments_user_id_index` (`user_id`);

--
-- 資料表索引 `contacts`
--
ALTER TABLE `contacts`
  ADD PRIMARY KEY (`id`),
  ADD KEY `contacts_handler_id_index` (`handler_id`),
  ADD KEY `contacts_creator_id_index` (`creator_id`);

--
-- 資料表索引 `data_rows`
--
ALTER TABLE `data_rows`
  ADD PRIMARY KEY (`id`),
  ADD KEY `data_rows_data_type_id_foreign` (`data_type_id`);

--
-- 資料表索引 `data_types`
--
ALTER TABLE `data_types`
  ADD PRIMARY KEY (`id`),
  ADD UNIQUE KEY `data_types_name_unique` (`name`),
  ADD UNIQUE KEY `data_types_slug_unique` (`slug`);

--
-- 資料表索引 `elements`
--
ALTER TABLE `elements`
  ADD PRIMARY KEY (`id`),
  ADD KEY `elements_updater_id_index` (`updater_id`);

--
-- 資料表索引 `failed_jobs`
--
ALTER TABLE `failed_jobs`
  ADD PRIMARY KEY (`id`),
  ADD UNIQUE KEY `failed_jobs_uuid_unique` (`uuid`);

--
-- 資料表索引 `items`
--
ALTER TABLE `items`
  ADD PRIMARY KEY (`id`),
  ADD KEY `items_cgy_id_index` (`cgy_id`);

--
-- 資料表索引 `item_order`
--
ALTER TABLE `item_order`
  ADD PRIMARY KEY (`id`),
  ADD KEY `item_order_order_id_index` (`order_id`),
  ADD KEY `item_order_item_id_index` (`item_id`);

--
-- 資料表索引 `item_tag`
--
ALTER TABLE `item_tag`
  ADD KEY `item_tag_item_id_index` (`item_id`),
  ADD KEY `item_tag_tag_id_index` (`tag_id`);

--
-- 資料表索引 `menus`
--
ALTER TABLE `menus`
  ADD PRIMARY KEY (`id`),
  ADD UNIQUE KEY `menus_name_unique` (`name`);

--
-- 資料表索引 `menu_items`
--
ALTER TABLE `menu_items`
  ADD PRIMARY KEY (`id`),
  ADD KEY `menu_items_menu_id_foreign` (`menu_id`);

--
-- 資料表索引 `migrations`
--
ALTER TABLE `migrations`
  ADD PRIMARY KEY (`id`);

--
-- 資料表索引 `orders`
--
ALTER TABLE `orders`
  ADD PRIMARY KEY (`id`),
  ADD KEY `orders_owner_id_index` (`owner_id`);

--
-- 資料表索引 `password_resets`
--
ALTER TABLE `password_resets`
  ADD KEY `password_resets_email_index` (`email`);

--
-- 資料表索引 `permissions`
--
ALTER TABLE `permissions`
  ADD PRIMARY KEY (`id`),
  ADD KEY `permissions_key_index` (`key`);

--
-- 資料表索引 `permission_role`
--
ALTER TABLE `permission_role`
  ADD PRIMARY KEY (`permission_id`,`role_id`),
  ADD KEY `permission_role_permission_id_index` (`permission_id`),
  ADD KEY `permission_role_role_id_index` (`role_id`);

--
-- 資料表索引 `personal_access_tokens`
--
ALTER TABLE `personal_access_tokens`
  ADD PRIMARY KEY (`id`),
  ADD UNIQUE KEY `personal_access_tokens_token_unique` (`token`),
  ADD KEY `personal_access_tokens_tokenable_type_tokenable_id_index` (`tokenable_type`,`tokenable_id`);

--
-- 資料表索引 `roles`
--
ALTER TABLE `roles`
  ADD PRIMARY KEY (`id`),
  ADD UNIQUE KEY `roles_name_unique` (`name`);

--
-- 資料表索引 `sessions`
--
ALTER TABLE `sessions`
  ADD PRIMARY KEY (`id`),
  ADD KEY `sessions_user_id_index` (`user_id`),
  ADD KEY `sessions_last_activity_index` (`last_activity`);

--
-- 資料表索引 `settings`
--
ALTER TABLE `settings`
  ADD PRIMARY KEY (`id`),
  ADD UNIQUE KEY `settings_key_unique` (`key`);

--
-- 資料表索引 `tags`
--
ALTER TABLE `tags`
  ADD PRIMARY KEY (`id`);

--
-- 資料表索引 `translations`
--
ALTER TABLE `translations`
  ADD PRIMARY KEY (`id`),
  ADD UNIQUE KEY `translations_table_name_column_name_foreign_key_locale_unique` (`table_name`,`column_name`,`foreign_key`,`locale`);

--
-- 資料表索引 `users`
--
ALTER TABLE `users`
  ADD PRIMARY KEY (`id`),
  ADD UNIQUE KEY `users_email_unique` (`email`),
  ADD UNIQUE KEY `users_username_unique` (`username`),
  ADD UNIQUE KEY `users_fb_id_unique` (`fb_id`),
  ADD KEY `users_role_id_foreign` (`role_id`);

--
-- 資料表索引 `user_roles`
--
ALTER TABLE `user_roles`
  ADD PRIMARY KEY (`user_id`,`role_id`),
  ADD KEY `user_roles_user_id_index` (`user_id`),
  ADD KEY `user_roles_role_id_index` (`role_id`);

--
-- 在傾印的資料表使用自動遞增(AUTO_INCREMENT)
--

--
-- 使用資料表自動遞增(AUTO_INCREMENT) `articles`
--
ALTER TABLE `articles`
  MODIFY `id` bigint(20) UNSIGNED NOT NULL AUTO_INCREMENT, AUTO_INCREMENT=11;

--
-- 使用資料表自動遞增(AUTO_INCREMENT) `cgies`
--
ALTER TABLE `cgies`
  MODIFY `id` bigint(20) UNSIGNED NOT NULL AUTO_INCREMENT, AUTO_INCREMENT=4;

--
-- 使用資料表自動遞增(AUTO_INCREMENT) `comments`
--
ALTER TABLE `comments`
  MODIFY `id` bigint(20) UNSIGNED NOT NULL AUTO_INCREMENT, AUTO_INCREMENT=104;

--
-- 使用資料表自動遞增(AUTO_INCREMENT) `contacts`
--
ALTER TABLE `contacts`
  MODIFY `id` bigint(20) UNSIGNED NOT NULL AUTO_INCREMENT, AUTO_INCREMENT=10;

--
-- 使用資料表自動遞增(AUTO_INCREMENT) `data_rows`
--
ALTER TABLE `data_rows`
  MODIFY `id` int(10) UNSIGNED NOT NULL AUTO_INCREMENT, AUTO_INCREMENT=154;

--
-- 使用資料表自動遞增(AUTO_INCREMENT) `data_types`
--
ALTER TABLE `data_types`
  MODIFY `id` int(10) UNSIGNED NOT NULL AUTO_INCREMENT, AUTO_INCREMENT=10;

--
-- 使用資料表自動遞增(AUTO_INCREMENT) `elements`
--
ALTER TABLE `elements`
  MODIFY `id` bigint(20) UNSIGNED NOT NULL AUTO_INCREMENT, AUTO_INCREMENT=39;

--
-- 使用資料表自動遞增(AUTO_INCREMENT) `failed_jobs`
--
ALTER TABLE `failed_jobs`
  MODIFY `id` bigint(20) UNSIGNED NOT NULL AUTO_INCREMENT;

--
-- 使用資料表自動遞增(AUTO_INCREMENT) `items`
--
ALTER TABLE `items`
  MODIFY `id` bigint(20) UNSIGNED NOT NULL AUTO_INCREMENT, AUTO_INCREMENT=14;

--
-- 使用資料表自動遞增(AUTO_INCREMENT) `item_order`
--
ALTER TABLE `item_order`
  MODIFY `id` bigint(20) UNSIGNED NOT NULL AUTO_INCREMENT, AUTO_INCREMENT=125;

--
-- 使用資料表自動遞增(AUTO_INCREMENT) `menus`
--
ALTER TABLE `menus`
  MODIFY `id` int(10) UNSIGNED NOT NULL AUTO_INCREMENT, AUTO_INCREMENT=8;

--
-- 使用資料表自動遞增(AUTO_INCREMENT) `menu_items`
--
ALTER TABLE `menu_items`
  MODIFY `id` int(10) UNSIGNED NOT NULL AUTO_INCREMENT, AUTO_INCREMENT=57;

--
-- 使用資料表自動遞增(AUTO_INCREMENT) `migrations`
--
ALTER TABLE `migrations`
  MODIFY `id` int(10) UNSIGNED NOT NULL AUTO_INCREMENT, AUTO_INCREMENT=46;

--
-- 使用資料表自動遞增(AUTO_INCREMENT) `orders`
--
ALTER TABLE `orders`
  MODIFY `id` bigint(20) UNSIGNED NOT NULL AUTO_INCREMENT, AUTO_INCREMENT=52;

--
-- 使用資料表自動遞增(AUTO_INCREMENT) `permissions`
--
ALTER TABLE `permissions`
  MODIFY `id` bigint(20) UNSIGNED NOT NULL AUTO_INCREMENT, AUTO_INCREMENT=56;

--
-- 使用資料表自動遞增(AUTO_INCREMENT) `personal_access_tokens`
--
ALTER TABLE `personal_access_tokens`
  MODIFY `id` bigint(20) UNSIGNED NOT NULL AUTO_INCREMENT;

--
-- 使用資料表自動遞增(AUTO_INCREMENT) `roles`
--
ALTER TABLE `roles`
  MODIFY `id` bigint(20) UNSIGNED NOT NULL AUTO_INCREMENT, AUTO_INCREMENT=3;

--
-- 使用資料表自動遞增(AUTO_INCREMENT) `settings`
--
ALTER TABLE `settings`
  MODIFY `id` int(10) UNSIGNED NOT NULL AUTO_INCREMENT, AUTO_INCREMENT=24;

--
-- 使用資料表自動遞增(AUTO_INCREMENT) `tags`
--
ALTER TABLE `tags`
  MODIFY `id` bigint(20) UNSIGNED NOT NULL AUTO_INCREMENT, AUTO_INCREMENT=15;

--
-- 使用資料表自動遞增(AUTO_INCREMENT) `translations`
--
ALTER TABLE `translations`
  MODIFY `id` int(10) UNSIGNED NOT NULL AUTO_INCREMENT;

--
-- 使用資料表自動遞增(AUTO_INCREMENT) `users`
--
ALTER TABLE `users`
  MODIFY `id` bigint(20) UNSIGNED NOT NULL AUTO_INCREMENT, AUTO_INCREMENT=5;

--
-- 已傾印資料表的限制式
--

--
-- 資料表的限制式 `articles`
--
ALTER TABLE `articles`
  ADD CONSTRAINT `articles_author_id_foreign` FOREIGN KEY (`author_id`) REFERENCES `users` (`id`) ON DELETE CASCADE,
  ADD CONSTRAINT `articles_cgy_id_foreign` FOREIGN KEY (`cgy_id`) REFERENCES `cgies` (`id`) ON DELETE CASCADE;

--
-- 資料表的限制式 `article_tag`
--
ALTER TABLE `article_tag`
  ADD CONSTRAINT `article_tag_article_id_foreign` FOREIGN KEY (`article_id`) REFERENCES `articles` (`id`) ON DELETE CASCADE,
  ADD CONSTRAINT `article_tag_tag_id_foreign` FOREIGN KEY (`tag_id`) REFERENCES `tags` (`id`) ON DELETE CASCADE;

--
-- 資料表的限制式 `cgies`
--
ALTER TABLE `cgies`
  ADD CONSTRAINT `cgies_parent_id_foreign` FOREIGN KEY (`parent_id`) REFERENCES `cgies` (`id`) ON DELETE CASCADE;

--
-- 資料表的限制式 `comments`
--
ALTER TABLE `comments`
  ADD CONSTRAINT `comments_article_id_foreign` FOREIGN KEY (`article_id`) REFERENCES `articles` (`id`) ON DELETE CASCADE,
  ADD CONSTRAINT `comments_user_id_foreign` FOREIGN KEY (`user_id`) REFERENCES `users` (`id`) ON DELETE CASCADE;

--
-- 資料表的限制式 `contacts`
--
ALTER TABLE `contacts`
  ADD CONSTRAINT `contacts_creator_id_foreign` FOREIGN KEY (`creator_id`) REFERENCES `users` (`id`),
  ADD CONSTRAINT `contacts_handler_id_foreign` FOREIGN KEY (`handler_id`) REFERENCES `users` (`id`);

--
-- 資料表的限制式 `data_rows`
--
ALTER TABLE `data_rows`
  ADD CONSTRAINT `data_rows_data_type_id_foreign` FOREIGN KEY (`data_type_id`) REFERENCES `data_types` (`id`) ON DELETE CASCADE ON UPDATE CASCADE;

--
-- 資料表的限制式 `elements`
--
ALTER TABLE `elements`
  ADD CONSTRAINT `elements_updater_id_foreign` FOREIGN KEY (`updater_id`) REFERENCES `users` (`id`);

--
-- 資料表的限制式 `items`
--
ALTER TABLE `items`
  ADD CONSTRAINT `items_cgy_id_foreign` FOREIGN KEY (`cgy_id`) REFERENCES `cgies` (`id`) ON DELETE CASCADE;

--
-- 資料表的限制式 `item_order`
--
ALTER TABLE `item_order`
  ADD CONSTRAINT `item_order_item_id_foreign` FOREIGN KEY (`item_id`) REFERENCES `items` (`id`) ON DELETE CASCADE,
  ADD CONSTRAINT `item_order_order_id_foreign` FOREIGN KEY (`order_id`) REFERENCES `orders` (`id`) ON DELETE CASCADE;

--
-- 資料表的限制式 `item_tag`
--
ALTER TABLE `item_tag`
  ADD CONSTRAINT `item_tag_item_id_foreign` FOREIGN KEY (`item_id`) REFERENCES `items` (`id`) ON DELETE CASCADE,
  ADD CONSTRAINT `item_tag_tag_id_foreign` FOREIGN KEY (`tag_id`) REFERENCES `tags` (`id`) ON DELETE CASCADE;

--
-- 資料表的限制式 `menu_items`
--
ALTER TABLE `menu_items`
  ADD CONSTRAINT `menu_items_menu_id_foreign` FOREIGN KEY (`menu_id`) REFERENCES `menus` (`id`) ON DELETE CASCADE;

--
-- 資料表的限制式 `orders`
--
ALTER TABLE `orders`
  ADD CONSTRAINT `orders_owner_id_foreign` FOREIGN KEY (`owner_id`) REFERENCES `users` (`id`) ON DELETE CASCADE;

--
-- 資料表的限制式 `permission_role`
--
ALTER TABLE `permission_role`
  ADD CONSTRAINT `permission_role_permission_id_foreign` FOREIGN KEY (`permission_id`) REFERENCES `permissions` (`id`) ON DELETE CASCADE,
  ADD CONSTRAINT `permission_role_role_id_foreign` FOREIGN KEY (`role_id`) REFERENCES `roles` (`id`) ON DELETE CASCADE;

--
-- 資料表的限制式 `users`
--
ALTER TABLE `users`
  ADD CONSTRAINT `users_role_id_foreign` FOREIGN KEY (`role_id`) REFERENCES `roles` (`id`);

--
-- 資料表的限制式 `user_roles`
--
ALTER TABLE `user_roles`
  ADD CONSTRAINT `user_roles_role_id_foreign` FOREIGN KEY (`role_id`) REFERENCES `roles` (`id`) ON DELETE CASCADE,
  ADD CONSTRAINT `user_roles_user_id_foreign` FOREIGN KEY (`user_id`) REFERENCES `users` (`id`) ON DELETE CASCADE;
COMMIT;

/*!40101 SET CHARACTER_SET_CLIENT=@OLD_CHARACTER_SET_CLIENT */;
/*!40101 SET CHARACTER_SET_RESULTS=@OLD_CHARACTER_SET_RESULTS */;
/*!40101 SET COLLATION_CONNECTION=@OLD_COLLATION_CONNECTION */;
